host_id,total_inquiries,reply_rate,acceptance_rate,booking_rate,median_response_hrs,avg_messages
007e4152-2097-4f09-83fd-cd6bbc573f0c,8,1.0,0.75,0.75,9.599305555555556,14.0
00e17c27-a883-4b8a-99d1-46dc32282a87,5,1.0,0.4,0.4,2.1225,7.6
010d8a07-8f93-4149-90f3-a1f87a3adacb,4,1.0,0.75,0.0,0.6081944444444445,6.0
0152fae5-86b6-4d46-bde5-36ee2ad89a05,4,1.0,0.25,0.0,0.14097222222222222,3.5
017d2a1f-5505-426e-9997-569592969ec6,28,0.9285714285714286,0.25,0.14285714285714285,1.082638888888889,6.428571428571429
01b57420-dfa9-4c6b-8c5f-f0003787625e,3,1.0,0.6666666666666666,0.6666666666666666,1.3672222222222221,5.666666666666667
028898a8-c442-4b20-ac07-77d18509471e,6,0.8333333333333334,0.5,0.16666666666666666,5.747222222222222,4.666666666666667
02cafb86-5445-45cc-80f2-405291578356,4,1.0,0.0,0.0,12.378472222222221,3.5
03620d7b-1f10-442f-9d78-6170752291a9,10,0.9,0.6,0.3,2.8222222222222224,6.0
03762cb8-4d59-49f1-b82a-7af575695f1c,7,1.0,0.5714285714285714,0.42857142857142855,1.1694444444444445,9.714285714285714
04d2b699-5dd9-4b1a-bb0b-63d758c11b91,4,0.75,0.0,0.0,4.345,4.75
04e449ab-ac76-47a1-a1aa-0224a978c07c,6,1.0,0.6666666666666666,0.5,2.2855555555555553,16.166666666666668
054a4856-3954-4ec5-b4b0-6180cf2ef19c,6,1.0,1.0,0.3333333333333333,0.45416666666666666,8.666666666666666
05524548-e350-4142-910b-3c3d335f7715,17,0.9411764705882353,0.5294117647058824,0.35294117647058826,0.18569444444444444,7.470588235294118
055582e7-5c4e-4c81-b883-077eed9a1d24,42,0.9523809523809523,0.6428571428571429,0.5238095238095238,11.315694444444444,7.023809523809524
05c39598-4a49-4bb6-96ed-ed8007108aa1,10,1.0,0.4,0.3,1.5720833333333335,12.1
05e8430d-a40c-4e79-a684-bd9c65a2d6e3,7,1.0,0.0,0.0,9.120833333333334,2.5714285714285716
0628f6b2-9370-46c8-bcf3-d4766ca9e1ae,8,1.0,0.5,0.25,0.5454166666666667,8.0
06524eb0-c68e-43af-8b41-61112f6ef043,7,0.8571428571428571,0.42857142857142855,0.42857142857142855,8.36138888888889,6.857142857142857
069a72a2-c87b-402e-997a-3897162d7390,3,1.0,0.6666666666666666,0.6666666666666666,4.233888888888889,8.0
06aae54d-6f18-47ca-b2b3-34923fa573ed,3,1.0,1.0,0.6666666666666666,1.4,9.666666666666666
06b85743-d475-4fc7-bf6e-c9ac4ed4729c,8,1.0,0.75,0.5,0.11444444444444443,11.0
0735350a-eb65-4c6d-bfe3-4353456791c6,16,0.625,0.125,0.125,11.596388888888889,3.75
0749a8a5-9ced-42f7-94ba-f0b3a61928d6,3,1.0,0.6666666666666666,0.3333333333333333,4.418888888888889,5.0
079ada6c-3917-4eda-a444-19bfafb1e163,4,1.0,1.0,0.5,0.01888888888888889,11.5
07abf92a-bf56-4b00-a339-49c37952466a,4,1.0,0.25,0.25,7.290555555555556,4.5
08857e71-4154-456d-a140-ed62cbfdc33b,7,1.0,0.8571428571428571,0.7142857142857143,1.2630555555555556,8.571428571428571
0914f2d1-db66-418e-b4bd-5cb1b854e927,23,0.9565217391304348,0.2608695652173913,0.13043478260869565,2.578333333333333,4.173913043478261
09409100-fab7-4c69-b3bb-4da34cb6473c,3,1.0,0.6666666666666666,0.6666666666666666,23.909444444444443,11.333333333333334
09c8abb3-738f-4f9c-94fd-19d555dc20ac,16,0.9375,0.5625,0.4375,4.963611111111111,10.75
0a31547a-2ae6-41d5-82ee-48168e360193,5,1.0,0.4,0.2,23.398611111111112,4.0
0a62668d-ade2-4bf9-8b36-93923456378a,4,1.0,0.25,0.0,2.271527777777778,4.0
0ac9911e-44f1-482b-8e85-b7063ed9c3d1,4,1.0,0.5,0.5,2.6756944444444444,4.75
0b5de2cf-7d6a-4128-a1d7-1ac12da55d46,3,0.6666666666666666,0.3333333333333333,0.0,15.912916666666668,5.0
0baa52ce-4651-40f3-9a52-9ef548128e3c,3,0.6666666666666666,0.6666666666666666,0.6666666666666666,0.05569444444444444,10.0
0bcfbfb0-1607-44be-a118-ad0eb395d7a1,10,0.9,0.1,0.1,0.09222222222222222,3.9
0bf995fc-2549-4e9a-a403-88321344f593,3,1.0,0.3333333333333333,0.3333333333333333,2.910277777777778,4.0
0c02268a-c84e-4a0f-904b-7cf61dcd208d,12,1.0,1.0,0.75,0.4058333333333334,9.0
0c1b9377-a883-43cd-8c23-9df751b937e3,5,1.0,0.6,0.2,0.19722222222222222,6.6
0c5c45e2-0a1d-4923-a03c-b145f4e3bc8d,3,1.0,0.6666666666666666,0.3333333333333333,3.173611111111111,7.666666666666667
0d478c12-4b25-4785-b6e8-f58025870cf9,10,1.0,0.9,0.3,0.3011111111111111,7.3
0dd678eb-6b5b-4bd6-beff-962501153e80,3,0.6666666666666666,0.3333333333333333,0.3333333333333333,0.8159722222222222,4.0
0def1fb6-d3a8-45af-9e5b-6fa34c9a958e,5,0.4,0.2,0.2,5.230138888888889,4.2
0e007604-4edb-4933-8be0-35af84d4b693,3,1.0,0.6666666666666666,0.3333333333333333,0.31333333333333335,6.0
0e21af37-499c-499c-b5ab-c15d031ec152,14,1.0,0.42857142857142855,0.21428571428571427,12.42388888888889,4.857142857142857
0e782287-45e2-4bbb-be8f-7c0672692f11,11,1.0,0.7272727272727273,0.36363636363636365,0.5372222222222223,6.7272727272727275
0eb027d4-c3ee-4615-bb11-1f7781627f3d,3,1.0,1.0,0.6666666666666666,0.1438888888888889,10.0
0f4bf5c2-e8fe-4105-9efb-e056cf1af038,8,1.0,0.375,0.25,12.625694444444445,5.625
0fa8f214-9999-4fee-913e-131c8eeb3579,13,1.0,0.8461538461538461,0.5384615384615384,0.3227777777777778,8.153846153846153
1014feb2-6c4d-4083-9236-54b281418a4e,8,1.0,0.375,0.0,19.632777777777775,5.5
104f6b5d-119f-4e66-93ad-840ec7bef874,3,1.0,1.0,0.6666666666666666,1.6672222222222222,11.666666666666666
1076c74d-ca8f-4381-856e-0ef45b9e1692,15,0.8666666666666667,0.3333333333333333,0.26666666666666666,1.595,6.4
10abdad8-34e2-4e2f-a563-20370b431dc5,23,0.9130434782608695,0.8260869565217391,0.43478260869565216,6.8613888888888885,8.782608695652174
119faebe-190c-45c8-8d20-4dcb9b6d7e42,6,1.0,0.0,0.0,9.239027777777778,4.666666666666667
11bc761d-7398-447f-b785-0d5d06a9b9ff,7,1.0,0.8571428571428571,0.7142857142857143,0.23,8.571428571428571
11c3495e-d77a-48aa-af80-fe690575c170,3,1.0,1.0,0.6666666666666666,1.2438888888888888,9.666666666666666
11f0f5d6-b401-44b5-8ead-7b023437d9c4,18,0.9444444444444444,0.1111111111111111,0.05555555555555555,16.935833333333335,3.3333333333333335
121e51f3-048b-4b14-ab1c-e0ae0edcd32e,14,0.9285714285714286,0.2857142857142857,0.07142857142857142,6.308333333333334,5.0
122047fa-fdb6-4ac4-a88f-a4170a2b7fc9,7,1.0,0.0,0.0,5.264444444444444,3.4285714285714284
12279e93-1b4d-4cca-aab3-26ac9cefbda6,4,0.75,0.5,0.25,0.7838888888888889,6.0
123fe60f-6b59-4f54-adda-faec0aa5dac5,4,1.0,1.0,0.5,3.010416666666667,7.75
128e3dfe-05a3-486b-9dd1-ba7a38cac51c,11,1.0,0.5454545454545454,0.18181818181818182,0.5019444444444444,6.545454545454546
13bb24b8-d432-43a2-9755-5ea11b43bb69,17,1.0,1.0,0.7058823529411765,1.7477777777777779,8.529411764705882
14370ace-aec2-4f0f-8a8c-e9823cff0e72,4,1.0,0.0,0.0,0.28347222222222224,3.25
14ca1c9e-d396-479f-8ad7-630d4af48f83,8,1.0,0.75,0.375,4.039583333333333,7.375
158dfb1c-6ae5-4920-8cfb-98a61479fe01,4,1.0,0.75,0.25,4.323055555555555,6.0
162278ee-5cf2-435d-aaaa-b6789138e4a0,6,1.0,0.5,0.3333333333333333,5.7837499999999995,4.833333333333333
16a2ccae-60a6-445a-9cc4-8f0d83e454f2,4,1.0,0.75,0.5,8.828055555555554,12.75
173b073a-8067-48af-aff5-6beaefb8a65c,5,1.0,1.0,0.8,0.0,5.2
1772e5eb-a76a-4ffc-9a22-fb353fcf54f6,3,1.0,0.3333333333333333,0.3333333333333333,0.42833333333333334,4.666666666666667
178daff2-7a1e-49f4-9003-ebaf45e75aed,4,1.0,0.5,0.25,3.2134722222222223,8.75
17c95a87-fb34-4ef3-bd25-6a8b184646a0,4,1.0,0.75,0.75,0.8579166666666667,8.25
180b0945-12a2-4ebc-8b90-6e9f1e48953f,3,1.0,0.0,0.0,0.2275,8.333333333333334
180d8c27-dddf-46f2-8b58-04165b948b3a,10,0.9,0.9,0.6,0.21888888888888888,8.0
18354de3-1259-46df-b433-547468de5c95,3,1.0,0.6666666666666666,0.6666666666666666,13.172222222222222,9.666666666666666
184d2bfb-328e-4729-a334-73693a84a467,6,0.8333333333333334,0.5,0.5,1.0402777777777779,6.333333333333333
186d199f-bd74-42de-8391-954fd5d57057,4,1.0,0.5,0.5,0.7994444444444444,5.25
188956c5-a278-4e47-a76e-6146f1b5192a,10,1.0,0.0,0.0,4.115555555555556,2.6
195914ea-bd58-4fa0-a9e9-770cceb42a45,4,1.0,0.0,0.0,0.7131944444444445,3.75
19be6e97-a723-4ba0-8aac-6df678de14f4,5,1.0,0.4,0.4,0.28194444444444444,14.4
19fc6fce-5b98-459c-ada0-513e5aee963e,11,0.9090909090909091,0.5454545454545454,0.36363636363636365,0.6699999999999999,7.454545454545454
1a162837-bd2e-4cf3-b498-70f122f8e278,17,0.5294117647058824,0.058823529411764705,0.0,74.42694444444444,2.2941176470588234
1a298b96-81ab-40fb-91de-44cd1aa07650,3,1.0,0.6666666666666666,0.6666666666666666,0.14694444444444443,7.333333333333333
1a76a88a-1160-418e-b9a3-110a8391e4fa,19,0.8947368421052632,0.5263157894736842,0.3157894736842105,6.728611111111111,6.2631578947368425
1aa85aa8-e0a2-43c8-bde2-53ae10bb9bfc,4,1.0,0.0,0.0,4.085277777777778,2.25
1b07f479-7f2e-4576-b504-ed6113df3149,12,1.0,0.8333333333333334,0.5833333333333334,0.12541666666666668,12.25
1b23d8dd-d2a9-4ab9-8f33-374b8e14b373,7,0.8571428571428571,0.5714285714285714,0.42857142857142855,0.06277777777777778,5.285714285714286
1b3daf74-4067-45e8-9576-051ee5493d2b,12,0.9166666666666666,0.8333333333333334,0.4166666666666667,2.2527777777777778,6.916666666666667
1b9e89c8-43ae-48fe-bb1c-918eff07ea81,9,1.0,0.7777777777777778,0.2222222222222222,0.29833333333333334,6.888888888888889
1bd261bb-5616-4bda-b904-6fbbf8776f3d,3,1.0,0.6666666666666666,0.3333333333333333,0.765,6.0
1c470df8-4162-46d0-aeee-b4c33aa98889,5,0.8,0.8,0.8,0.6554166666666668,7.0
1cb5ed47-f3e2-4a52-b85d-1676621f43f4,29,0.20689655172413793,0.13793103448275862,0.0,15.051111111111112,1.6551724137931034
1cfdaf75-c9c1-4a4d-9cbb-69e7ff9be25c,13,0.9230769230769231,0.0,0.0,10.444722222222222,3.0
1d472ee4-9da9-4f70-bea3-bbd5dcacd405,4,1.0,1.0,0.75,0.11388888888888889,5.75
1d9b6a1b-8e07-4ce9-83fa-25f7ad5d74d2,4,1.0,0.25,0.25,0.2426388888888889,6.25
1da3cce0-f425-4fd0-80ee-0af2cdfe396a,6,1.0,0.6666666666666666,0.3333333333333333,0.5048611111111111,5.833333333333333
1df53d05-deea-4663-bae8-8edce5c54e68,9,1.0,1.0,0.7777777777777778,0.20055555555555554,15.0
1dfb22ec-c20e-4bf9-b161-1607afa25c5a,8,1.0,0.625,0.25,1.56,4.625
1ebc59bf-418f-4e77-841a-b10c632d569d,11,0.9090909090909091,0.18181818181818182,0.09090909090909091,4.189166666666667,3.8181818181818183
1f98db75-fa8f-4654-a2c2-b70313e7c71b,35,0.5142857142857142,0.17142857142857143,0.05714285714285714,9.919166666666667,2.6857142857142855
1f9b3786-2b44-49d4-8b76-c2aef6b7a0a8,10,0.6,0.2,0.0,3.7338888888888886,3.0
200a661e-2758-45e9-8bcc-42e32342e6bd,4,0.75,0.5,0.5,0.7730555555555556,8.25
202ba51b-8fad-4055-8a19-d08f91ddf5cb,6,1.0,0.6666666666666666,0.3333333333333333,4.769861111111111,21.0
223dff78-b02b-48f2-a783-fda7505d8aa8,6,1.0,0.5,0.5,0.14055555555555554,7.833333333333333
2304438d-eb9b-4e35-a5ed-fa3b2c130bb2,10,0.9,0.6,0.3,0.645,5.4
2338b765-c0ff-4f9a-9402-911f4d0d7d6a,12,0.8333333333333334,0.3333333333333333,0.25,1.86375,3.75
236d8e79-a55f-452a-8efd-dd4ca9a3273d,12,0.8333333333333334,0.16666666666666666,0.08333333333333333,3.6550000000000002,3.8333333333333335
236f007c-fcd5-410a-b3b6-604cdc3ae46d,3,1.0,0.0,0.0,0.3491666666666667,2.6666666666666665
23e244f6-144f-43fd-a595-c38400902731,20,0.95,0.5,0.25,5.203611111111111,4.5
2424734e-6721-4af0-a458-48741ef57444,7,1.0,0.2857142857142857,0.2857142857142857,7.766944444444444,4.714285714285714
2440625e-6b81-45d5-95bd-0a43bb3a8a23,4,1.0,1.0,0.5,4.063888888888889,9.5
255b32f1-fd57-4bbd-8e3b-fad208e0e497,15,0.9333333333333333,0.0,0.0,11.13875,3.933333333333333
25602552-0941-4710-80f3-79d4e6961b94,16,0.9375,0.0,0.0,18.295833333333334,3.4375
26a72a06-ca7a-412c-ac06-cd87fd718b87,7,1.0,0.8571428571428571,0.7142857142857143,1.0030555555555556,18.428571428571427
2702ea09-ea7c-45d8-b2ba-f99b5a480387,10,1.0,0.6,0.3,5.81125,8.5
2781eaae-86a9-405f-9a44-e6d6c579658d,3,1.0,1.0,1.0,0.2063888888888889,9.0
2851fc66-aed0-4fc4-9725-1bcea748b4f4,3,1.0,0.0,0.0,51.95583333333333,3.0
28980988-2a4e-4516-bf62-5c47b3ba62b2,18,1.0,0.4444444444444444,0.16666666666666666,1.7902777777777779,6.722222222222222
29427a0c-f136-4afd-a06b-2dc89ac82026,4,1.0,0.5,0.5,3.6666666666666665,8.5
29a25390-9f01-4606-b88e-e3eb8c7fdc3a,19,0.8421052631578947,0.42105263157894735,0.42105263157894735,1.59875,4.368421052631579
29c894a1-ff33-4426-a123-bdd48b320eaa,6,1.0,0.5,0.5,0.13166666666666668,5.666666666666667
29d7492c-2814-4637-97b6-b911e7844808,12,1.0,0.5,0.25,0.5873611111111111,9.75
2a0feb74-d403-4f66-82e7-2087dae9c598,24,0.9583333333333334,0.16666666666666666,0.08333333333333333,0.22277777777777777,5.208333333333333
2a119047-d925-4f9f-b697-6b8d626da580,4,1.0,1.0,0.75,0.3076388888888889,9.75
2a4dc23f-fdde-4739-9aa4-f6764614464b,9,0.7777777777777778,0.0,0.0,13.516944444444444,3.4444444444444446
2a82d121-1d41-42e0-935b-f92c38a78866,6,1.0,0.3333333333333333,0.0,7.817361111111111,3.8333333333333335
2ab01c8d-ac4c-4f14-864e-c9e3f8cb718c,8,1.0,0.375,0.25,1.8943055555555557,4.75
2af60948-0028-4b17-bf38-db964c554116,23,1.0,0.08695652173913043,0.08695652173913043,0.6194444444444445,4.086956521739131
2b371726-1bda-46d0-bbee-f7eff4a534b1,5,1.0,0.0,0.0,9.583055555555555,2.4
2b83ac1b-735f-41a6-ab9b-38bba7726051,23,1.0,0.30434782608695654,0.13043478260869565,4.738333333333333,3.869565217391304
2b8d1c5d-b298-477b-8d55-389fe63baab4,3,1.0,0.6666666666666666,0.3333333333333333,0.1238888888888889,7.666666666666667
2bce0d81-6adc-425b-9d99-fe3b2a42b4fb,10,1.0,0.7,0.4,0.21291666666666664,7.0
2bd1257c-f1d6-411f-8cf1-54e5e85e046c,8,1.0,0.0,0.0,1.8806944444444444,2.0
2bd26930-ba0d-48bc-bf48-937c6a895725,3,1.0,0.3333333333333333,0.0,1.8405555555555555,3.3333333333333335
2be1e0a2-8941-4742-b43c-38535c5c569d,5,1.0,1.0,0.6,4.220833333333333,5.4
2bf2b14e-1d43-4bd4-a4ba-1313c1eac75e,10,1.0,0.9,0.5,0.13611111111111113,6.0
2c856ce0-ea65-4bc6-81c8-889c7f89b604,5,1.0,0.8,0.4,3.973333333333333,12.8
2cf6c60b-6679-4da3-8daf-1c18da87b294,3,0.6666666666666666,0.6666666666666666,0.0,0.8663888888888889,5.0
2d4515a5-8839-4898-b6a0-c443ac5ea688,6,1.0,0.16666666666666666,0.16666666666666666,0.18138888888888888,7.166666666666667
2d7aa454-0b74-4229-bb30-1c58e841aa06,3,1.0,0.6666666666666666,0.0,5.535,3.0
2dc52064-7ae6-47ae-84f2-90825fbad157,4,1.0,0.5,0.25,1.3298611111111112,8.0
2df16296-0ec4-4990-b566-259af4f4d0ef,6,1.0,0.3333333333333333,0.16666666666666666,8.818472222222223,4.833333333333333
2e0563bf-086d-4152-b846-f2f170596dd8,6,0.8333333333333334,0.0,0.0,7.810555555555555,3.1666666666666665
2e2865d6-7471-4ff1-b4cd-7f9a794d7267,81,0.9506172839506173,0.3950617283950617,0.18518518518518517,0.5736111111111111,4.419753086419753
2faaf93b-245e-43cb-b023-f28814f4e9e6,11,1.0,0.7272727272727273,0.36363636363636365,5.275277777777778,11.636363636363637
2fca9fee-29e4-43b9-b641-d2beabb09344,4,1.0,0.25,0.0,8.820416666666667,4.5
2ff88f70-c9c6-404e-bb9d-15ca4fc29559,3,0.3333333333333333,0.3333333333333333,0.3333333333333333,4.081111111111111,6.333333333333333
300bb97d-ee7e-40df-93b8-d4ae133566d8,16,0.8125,0.0625,0.0,2.588611111111111,3.0625
31191868-7ad9-4538-a237-fd09762ba99c,5,0.8,0.6,0.6,0.38430555555555557,5.6
31acb5c5-2865-4eb6-93cd-a94a0e6542e0,11,1.0,0.45454545454545453,0.36363636363636365,0.7327777777777778,7.181818181818182
32138352-04c7-495b-bea8-93173d3ffbfd,10,1.0,0.4,0.4,0.2588888888888889,6.3
325aabfb-fa00-4032-b004-c6c36c965e4c,5,0.8,0.8,0.6,0.2384722222222222,6.2
32b968e4-0e1f-4e5a-8c9d-90551244e88c,4,1.0,0.25,0.25,10.482083333333334,6.25
33204f69-3dc4-4527-871f-2075d39c0a54,8,1.0,0.5,0.375,3.6980555555555554,11.0
3347390d-8670-4870-9dab-da30f3700141,5,1.0,1.0,0.6,0.2886111111111111,10.6
337023e1-26c8-41f8-a8b0-401faced8b38,5,1.0,0.2,0.2,1.6413888888888888,4.6
33dc66b3-679a-4f43-9f8f-a39c630687a0,11,1.0,0.36363636363636365,0.2727272727272727,1.5438888888888889,6.7272727272727275
348496a3-f298-4ec4-9376-eed31c90b126,3,1.0,0.3333333333333333,0.3333333333333333,6.754166666666666,11.666666666666666
3491e523-0319-40a7-a8c9-a52709354c48,3,1.0,0.0,0.0,0.53,3.0
352877d7-bcb0-49f3-af26-e57ade771cc0,4,1.0,0.75,0.5,0.0925,10.0
356e59fd-45d1-483b-ae8c-df4b7cd43fbd,8,1.0,0.125,0.125,2.5727777777777776,9.875
3587b41f-ce4a-4e6a-b90e-9ede9135f687,3,1.0,0.6666666666666666,0.3333333333333333,11.30888888888889,9.666666666666666
35e6081c-c016-4487-b21d-42a9c7df532f,6,1.0,1.0,0.3333333333333333,0.21680555555555558,5.666666666666667
368e3d3c-1870-434e-99df-ff446daeecfa,13,0.8461538461538461,0.23076923076923078,0.15384615384615385,10.234166666666667,3.4615384615384617
370f66cc-7d80-474b-8da7-7154111cb42d,9,0.8888888888888888,0.5555555555555556,0.3333333333333333,1.7318055555555554,7.222222222222222
37f6a84a-d1a7-48e6-a87d-5b46100bd432,8,0.75,0.375,0.25,9.770972222222223,4.75
389150c0-b61f-4196-b284-1bf2ec7223f8,5,1.0,0.6,0.2,15.648888888888889,7.4
3898f55c-24ae-4748-9769-4fd952dab9c0,7,1.0,1.0,0.2857142857142857,1.1422222222222222,8.857142857142858
38f7dc8a-2250-462b-8a9c-bf7b5f721285,6,1.0,0.8333333333333334,0.0,0.21611111111111111,7.666666666666667
3905eb69-68c3-49c1-86c9-594c3b240b10,10,1.0,1.0,0.3,0.5381944444444444,6.1
391ed073-fd9f-4eb5-ab1c-0832939662ef,8,1.0,0.625,0.625,0.48763888888888884,15.875
39436382-00ef-46ef-9768-1e611ae62857,20,0.95,0.75,0.3,0.10722222222222222,12.8
395200cf-efc7-4961-8ec3-cc8bdb97c3ac,4,1.0,1.0,0.5,0.3094444444444444,8.0
39a80797-4748-487d-ae24-06459c0bf0e9,5,1.0,0.8,0.2,117.50944444444444,5.0
39f7de49-66b1-4a08-b190-1e99e9a31eb0,14,0.9285714285714286,0.0,0.0,1.0555555555555556,3.4285714285714284
3a4a93a6-9e2d-43da-8a96-747c7599ad7a,7,0.8571428571428571,0.2857142857142857,0.2857142857142857,0.6608333333333334,3.7142857142857144
3a749055-05eb-47ea-a202-0d34c843e308,3,1.0,0.0,0.0,1.4927777777777778,3.6666666666666665
3a9a7fdf-0bfa-404a-8614-17874271afe5,3,1.0,1.0,0.3333333333333333,0.09222222222222222,6.333333333333333
3aa7c6be-f394-45ba-af24-7b0ab958dc0f,30,0.9666666666666667,0.4666666666666667,0.3,0.12694444444444444,6.2
3ab39caf-3b11-4c71-b58d-3492f18fe67c,4,1.0,0.5,0.25,0.5365277777777777,5.25
3ab5e63a-3309-4ff6-b3ab-8fe25c6f6fe8,5,1.0,0.4,0.2,0.185,5.6
3b676524-2eb0-4de2-bec4-dcb48f23435b,6,1.0,1.0,0.6666666666666666,0.13083333333333333,8.666666666666666
3b8792a2-e210-4420-9c59-2243de7faebc,9,1.0,0.8888888888888888,0.3333333333333333,0.9372222222222222,10.88888888888889
3b8d745e-15fe-466e-bda3-8a10ef7c348b,26,0.9230769230769231,0.15384615384615385,0.15384615384615385,7.771111111111111,5.884615384615385
3c0dc5fe-35e9-4098-a804-1373400e2e33,4,1.0,1.0,0.0,0.23652777777777778,3.0
3c485ed2-f5f0-4430-9ac7-db34ef092d36,14,1.0,0.42857142857142855,0.21428571428571427,6.265138888888889,3.142857142857143
3cc3203f-475c-4b77-b09d-7be8e99222dd,6,1.0,0.6666666666666666,0.5,0.41097222222222224,10.166666666666666
3cc4d302-209d-4827-a32e-7201ec10dafa,4,0.75,0.75,0.5,0.35388888888888886,12.25
3ce8e851-6038-4a10-89f4-347e2382e8a9,4,0.75,0.25,0.0,1.9441666666666666,2.25
3d03aabe-29c1-4119-8b44-92514687703c,13,1.0,0.46153846153846156,0.46153846153846156,0.7833333333333333,12.76923076923077
3d322a83-2bfb-4f3f-b56c-a39518ef2647,5,1.0,1.0,0.6,0.03111111111111111,26.2
3d5b814d-1789-4dea-a1d3-20447c6ee4c2,13,0.46153846153846156,0.07692307692307693,0.0,40.685694444444444,2.3846153846153846
3d69faa8-88f2-4ba7-a101-a4900e9e534a,6,1.0,0.8333333333333334,0.6666666666666666,2.426388888888889,8.833333333333334
3e1fa397-8f53-4eff-95d9-b9f26836def4,11,1.0,0.7272727272727273,0.2727272727272727,0.7655555555555555,7.545454545454546
3e330ede-d70d-4654-a5fc-2632aee206da,22,1.0,0.9090909090909091,0.5454545454545454,0.31013888888888885,11.818181818181818
3e3ec72a-d0e6-4355-955d-0a0ac3119e8e,48,1.0,0.7291666666666666,0.4375,2.1727777777777777,6.916666666666667
3e57b8d5-3f2b-4539-ba33-858c65fcf695,16,0.625,0.0,0.0,24.497083333333336,2.6875
3ecf3f8e-cc6f-4837-ad5c-c9719f94233a,4,1.0,0.25,0.0,8.131666666666668,3.25
3f6b5575-9ad2-43b8-b26e-de9e5c6ccff1,5,0.8,0.2,0.0,0.04680555555555556,4.2
3fd95318-2f93-447e-bcec-8793c3b15557,5,0.4,0.0,0.0,0.4919444444444444,2.2
3fedbc79-b6f5-4d3a-b58b-7c44385a694b,7,0.8571428571428571,0.5714285714285714,0.5714285714285714,10.350972222222222,20.285714285714285
3fefbaa2-5c48-46b6-9507-35262ef18db0,13,1.0,0.6923076923076923,0.3076923076923077,0.25666666666666665,7.0
40736e95-7dc7-4e79-9ba9-8b4bf2560fb1,4,1.0,0.75,0.25,2.685972222222222,9.25
40dcd83f-2732-4414-8f38-e0ca131e9677,19,0.5263157894736842,0.0,0.0,13.033194444444444,2.1052631578947367
41502561-6f3e-4c57-8dee-cdef4f420e43,10,1.0,0.6,0.4,0.726388888888889,7.5
41774bf8-452a-4262-9aae-47d3fc91aefb,10,0.9,0.6,0.3,0.16916666666666666,4.0
425e9e71-9ac8-4294-8ad9-3b26ff113715,6,1.0,1.0,0.5,1.8183333333333334,9.333333333333334
42bae547-e5d9-4614-8f47-c4ede1036371,28,0.8571428571428571,0.6428571428571429,0.17857142857142858,26.732777777777777,4.5
42f73349-fc23-42ba-9e8c-11d699c514d4,10,0.9,0.7,0.3,0.41833333333333333,10.5
43b96cca-558b-4f2e-9945-389aed7bc428,5,1.0,0.6,0.6,6.879444444444444,6.6
4454c820-cc16-4a4c-8d5e-9760d76cea69,3,1.0,0.6666666666666666,0.0,19.371388888888887,4.333333333333333
44afd1b8-0ca4-4422-bec9-5fbe9244c39b,3,1.0,0.3333333333333333,0.3333333333333333,0.16805555555555557,6.666666666666667
453bcaa1-7567-4cc6-bdeb-bac8a232a419,14,1.0,0.9285714285714286,0.6428571428571429,2.172083333333333,8.214285714285714
45619500-e25e-41ce-add4-91420758203d,6,1.0,0.5,0.16666666666666666,0.5027777777777778,6.833333333333333
45bf2977-a5af-4c09-b4cc-0ff9a4ea25f2,4,0.75,0.0,0.0,2.713611111111111,3.0
464749d3-eb4f-417e-827a-4977d1697e81,8,0.875,0.0,0.0,14.540555555555555,2.625
468b1ce2-7fe1-45cf-9bea-6d46149b10b2,7,1.0,0.7142857142857143,0.2857142857142857,0.6547222222222222,6.857142857142857
46aa3897-9c00-4d76-ac66-a307593d0675,15,0.8666666666666667,0.8,0.6,0.5072222222222222,11.4
46eb999b-1a50-48c5-96eb-2659e090491a,8,0.875,0.25,0.125,14.414722222222222,16.375
47d5ee65-fbc0-4410-932c-2c512a0d330d,8,1.0,0.5,0.25,1.5275,4.25
48608ac7-29bb-4980-8470-d99aae5dab71,17,1.0,0.8235294117647058,0.5294117647058824,1.7716666666666667,6.235294117647059
48cc0324-9775-4c1f-a7ac-1bf668945750,7,1.0,1.0,0.7142857142857143,0.15527777777777776,9.0
48e39e06-5c1e-4f0d-a6b0-12dffa19532a,12,1.0,0.4166666666666667,0.08333333333333333,2.0652777777777778,5.5
498a28e2-6b3c-4759-9cf8-7c5a1ba7268f,21,1.0,0.14285714285714285,0.09523809523809523,2.1644444444444444,3.857142857142857
4ae72fa0-6a09-4952-b937-258b67c45421,8,0.75,0.0,0.0,2.143472222222222,3.0
4af23e6a-6132-4952-8680-2e192ebdea1c,5,1.0,0.8,0.8,1.5694444444444444,5.8
4b506f77-378a-4634-b26a-b94bf72dd95f,27,1.0,0.25925925925925924,0.14814814814814814,0.5197222222222222,4.481481481481482
4bd486b0-16e8-45ca-bef7-6999a8580ee6,4,0.25,0.0,0.0,7.938888888888889,2.25
4be405cd-5f62-432c-8e9d-5e48848f25dc,12,0.9166666666666666,0.5,0.16666666666666666,1.8897222222222223,8.083333333333334
4c43aaaf-4cac-47cb-9bb4-bc9bbbb06daf,6,0.8333333333333334,0.5,0.5,11.065277777777778,4.0
4c5923e0-8110-42d6-aa00-9b0920c13af4,9,1.0,0.6666666666666666,0.6666666666666666,10.608611111111111,12.444444444444445
4c7e83f5-6d77-4c8f-849f-57b3246dd582,6,1.0,0.8333333333333334,0.6666666666666666,0.6390277777777778,8.666666666666666
4d075ee2-2ecf-4644-a467-51a9d7600e66,3,1.0,0.3333333333333333,0.0,7.186111111111111,5.666666666666667
4d1eb162-b563-4a66-a5ad-3bdec949c8cd,15,0.9333333333333333,0.26666666666666666,0.2,10.16611111111111,3.466666666666667
4d40a231-45d1-4ffd-889e-fc3ce3567be7,3,1.0,1.0,0.0,0.20277777777777778,5.333333333333333
4d90d993-7ce5-4df3-9df9-a81f3a46a1d4,19,1.0,0.7894736842105263,0.42105263157894735,4.404722222222222,6.684210526315789
4da3dbf3-2f40-43fe-bf4b-30c64e23c405,3,1.0,1.0,0.6666666666666666,4.266111111111111,10.333333333333334
4dd2a824-fb9c-4efc-882c-c34c64c6c5b6,6,1.0,0.8333333333333334,0.6666666666666666,0.6427777777777778,8.333333333333334
4e9621c8-4651-4387-98e6-bb7b7916c189,11,0.7272727272727273,0.0,0.0,13.380555555555555,2.5454545454545454
4f031833-0153-429f-9d88-3e9d100132bf,4,1.0,0.75,0.25,1.5190277777777776,4.0
4f351532-59dc-4706-898a-0c4d25f1b125,41,0.975609756097561,0.9024390243902439,0.43902439024390244,0.35736111111111113,6.146341463414634
501ca118-dfd3-4e82-8333-bb0ce5657c09,3,1.0,0.6666666666666666,0.3333333333333333,4.780833333333334,8.666666666666666
50b4c694-4ed9-4a31-88d4-4c0a4dc63829,3,1.0,1.0,1.0,12.318888888888889,12.666666666666666
510cb0a0-b016-4603-bb5e-ae00957c197f,4,1.0,0.5,0.5,1.4945833333333334,9.5
51efe56e-08bc-46aa-9888-75e9affc7801,6,1.0,0.6666666666666666,0.16666666666666666,11.269166666666667,6.166666666666667
525ff120-a017-48d6-b68a-6ac0016980cc,7,1.0,0.0,0.0,3.9055555555555554,4.0
52cc4d2a-06ea-4a5b-9246-8a6a14b36f39,6,0.8333333333333334,0.3333333333333333,0.3333333333333333,0.6075,7.0
532e1f4f-845b-4a23-a401-cf9ece64ef1b,3,1.0,0.6666666666666666,0.3333333333333333,0.9363888888888889,7.666666666666667
541cde41-790a-4feb-ac27-ed6be9d0bfeb,13,1.0,0.6923076923076923,0.38461538461538464,5.543333333333333,5.846153846153846
544872f4-193b-4b62-ad82-d6d8c18ad65c,7,1.0,0.0,0.0,2.7488888888888887,4.142857142857143
54a05070-b6a4-434f-92e9-591aea6caf01,3,1.0,1.0,0.6666666666666666,0.8002777777777778,6.0
5505f4fd-0df0-4b98-824d-e266e969ee23,3,1.0,0.3333333333333333,0.3333333333333333,3.026111111111111,5.333333333333333
56e66e3a-0336-4a33-86bd-5485cc1ed58f,12,1.0,0.75,0.5,9.670555555555556,9.666666666666666
570ebf8a-6594-4511-91ea-0f9227124e47,9,1.0,0.8888888888888888,0.3333333333333333,9.297777777777778,10.666666666666666
5755e76b-df77-4bee-bf0e-e10cc54d4c25,3,1.0,0.3333333333333333,0.0,1.5308333333333333,3.3333333333333335
5760fa2e-063c-4eef-80bf-713c7397c6f2,7,1.0,0.7142857142857143,0.5714285714285714,2.812222222222222,6.857142857142857
57b8ba0c-3c35-40dd-ae62-cb9b08d7c65a,7,1.0,0.2857142857142857,0.14285714285714285,0.5080555555555556,3.857142857142857
57ea17c5-3bd6-44b3-b482-ec34efe16591,9,1.0,1.0,0.3333333333333333,0.2816666666666667,6.111111111111111
583ecb6a-056f-41e5-b2d5-b240f02f598c,15,1.0,0.8666666666666667,0.5333333333333333,1.5072222222222222,10.333333333333334
59fec5a6-bfd8-4d16-bc90-019e9fa1ed28,6,1.0,0.5,0.5,1.5822222222222222,3.6666666666666665
5a4d70e0-3e9d-4e63-a7af-8d47b469b6ac,4,1.0,0.0,0.0,261.32666666666665,2.25
5aacbec7-88ff-4afa-af25-befbc14ea575,3,1.0,0.6666666666666666,0.3333333333333333,1.5538888888888889,6.0
5abb8618-6719-4aa7-8168-1907058ab3b0,4,1.0,0.75,0.25,0.9827777777777778,6.25
5adc72a1-22fe-4f75-a51f-551e79b36004,5,1.0,1.0,0.8,0.04472222222222222,8.8
5b998ba1-97e7-47bf-9595-4c3d51d61204,9,1.0,0.5555555555555556,0.4444444444444444,4.191944444444444,15.333333333333334
5bd43bd9-3be5-443b-b059-6c6a9b7da553,17,1.0,0.5882352941176471,0.29411764705882354,0.45944444444444443,7.470588235294118
5c343458-8971-476f-969b-f41bdbf0b6f6,3,1.0,0.0,0.0,0.3075,4.666666666666667
5c4d211e-f4ab-471a-808b-c12d0178de9a,14,1.0,0.7142857142857143,0.14285714285714285,0.725,5.785714285714286
5c6fa427-85d4-4eda-b732-922d649dc361,7,1.0,1.0,0.5714285714285714,0.27361111111111114,7.571428571428571
5ccbd667-e9e4-4c34-839e-fb438d797925,46,0.9565217391304348,0.5434782608695652,0.2826086956521739,3.2130555555555556,3.4130434782608696
5ce9b0c7-1e9c-49f2-aff9-197d7d0aa906,5,1.0,0.6,0.4,1.1083333333333334,13.4
5dd14216-a1f5-4f55-b115-074c63902646,9,1.0,0.0,0.0,0.5986111111111111,3.111111111111111
5e63c9e5-1e67-4344-bee6-cd58a89f9f80,8,1.0,0.5,0.5,3.5259722222222223,10.75
5f84766f-615f-4c49-adac-e946e5d6fc02,6,1.0,0.5,0.5,8.061805555555555,11.5
5f8d2fa5-4f91-4d86-b51c-d4408eb51db0,9,0.8888888888888888,0.6666666666666666,0.4444444444444444,0.12513888888888888,15.333333333333334
5fcef3da-d736-4b2a-9a2f-e2204b1decb4,5,1.0,1.0,0.4,0.10361111111111111,8.8
611e9a8e-1d02-48e4-8844-f98cee1f6075,4,1.0,1.0,0.25,0.5629166666666667,14.5
613aa3f2-60ef-4b8c-a279-b78c84116a76,11,0.9090909090909091,0.45454545454545453,0.2727272727272727,3.890138888888889,5.454545454545454
62599a07-69dc-4d61-b0c1-e521657efa38,8,0.875,0.75,0.25,0.19527777777777777,5.25
63cc6bc0-cf15-4487-a21e-ac9fd249e703,5,1.0,0.2,0.2,0.2563888888888889,9.8
6418bb23-aea6-45a5-bdb2-e57c8e309518,3,1.0,0.3333333333333333,0.3333333333333333,13.785833333333333,3.3333333333333335
6424a297-ca37-473a-80cd-e8f8e3070dc5,4,0.25,0.25,0.0,1.4519444444444445,1.5
6478ebe7-4899-4dc2-9fbd-d812f6d62c8a,9,0.8888888888888888,0.0,0.0,6.824999999999999,2.888888888888889
64922af4-8554-430e-b550-5511ec5283cf,7,1.0,0.7142857142857143,0.42857142857142855,0.5683333333333334,11.285714285714286
64c5fd69-6246-49b7-a6a2-2b0b2ee06861,6,0.8333333333333334,0.16666666666666666,0.16666666666666666,6.195833333333334,4.333333333333333
64db8e7e-ec3c-4cd2-98d0-c127220da29b,16,0.9375,0.8125,0.375,0.26861111111111113,11.8125
64facbb7-f52c-4794-a666-76b5b00a816f,59,1.0,0.1864406779661017,0.15254237288135594,0.9116666666666666,4.237288135593221
65254720-2f7b-459c-8582-79694977aa13,20,1.0,0.1,0.1,2.093472222222222,4.55
6535d260-8062-4089-bc27-8fdf2bcbfb63,11,1.0,0.6363636363636364,0.45454545454545453,1.1388888888888888,7.7272727272727275
65525714-d990-40bc-b4f1-fdca8a797f13,4,1.0,0.75,0.0,11.455694444444445,2.25
6696194e-f1ea-45ab-af35-3e24d74ef38d,4,0.75,0.5,0.25,3.3291666666666666,2.5
66d3a930-5de7-4c47-b2a9-c93eee03de36,9,1.0,0.3333333333333333,0.2222222222222222,0.8052777777777778,5.0
66d53bbe-925c-47e3-8cf1-9808045c8501,26,1.0,0.6923076923076923,0.46153846153846156,1.2337500000000001,8.961538461538462
66de508e-271c-4e97-8fc7-fa8d9ecf5018,5,1.0,1.0,0.8,0.6063888888888889,7.4
66e66e2a-5e12-4880-bad6-4d5a46a03628,8,0.875,0.5,0.375,1.156111111111111,7.75
66e8cfe0-f382-4fae-aa61-3d6d2c5e8565,8,0.875,0.0,0.0,1.366111111111111,2.125
675cb2d3-d26d-4ec5-9e24-326d175eec28,4,0.75,0.25,0.0,8.812777777777777,2.5
67e77954-dc5e-45e5-8ee3-20b94d7e96cb,10,0.8,0.1,0.1,34.45,4.8
681c5c6f-7fda-4e2c-acb1-befe81439ca7,5,1.0,0.8,0.6,15.294166666666667,7.0
684ffeb7-7a7b-4cbd-8f93-00e274dac37c,6,1.0,0.5,0.3333333333333333,11.053888888888888,8.0
6872d415-53cf-4484-9cf0-13123301cc8f,10,0.8,0.7,0.3,0.5269444444444444,8.2
68863f07-f967-4bff-a116-8a5b8ef07afc,9,1.0,0.6666666666666666,0.4444444444444444,0.2702777777777778,9.333333333333334
68b5d667-3968-4c92-a0fb-250f2266ff25,3,1.0,1.0,0.3333333333333333,0.14694444444444443,9.666666666666666
68dd4640-b49c-4494-857e-fb39a4c83d9b,9,1.0,0.4444444444444444,0.1111111111111111,1.1008333333333333,5.222222222222222
68ff46bd-77b4-4cf6-9cd2-a3c19bd4ba10,8,1.0,0.75,0.25,2.676388888888889,5.875
692a5b50-2080-4f26-8cd1-cd67345a5b53,6,1.0,0.3333333333333333,0.3333333333333333,1.334861111111111,5.833333333333333
6964c768-6a1d-4036-86ed-b09ccd20d2f4,13,0.6923076923076923,0.38461538461538464,0.3076923076923077,18.864722222222223,5.230769230769231
6975fea0-928a-4660-a65f-4d9370c789c9,3,1.0,0.0,0.0,15.169166666666667,2.3333333333333335
699d6370-9fd3-407f-b9b3-48f4328fc354,20,0.9,0.4,0.25,2.445972222222222,5.65
69d183b5-c402-470e-a340-1ce9947993f6,6,1.0,1.0,0.6666666666666666,1.8381944444444445,6.0
6a412ded-10d4-4960-aedc-f84dffe77031,5,1.0,0.4,0.4,1.3569444444444445,4.6
6a460cb8-726b-4856-8281-d281987a7ca8,23,0.9130434782608695,0.21739130434782608,0.17391304347826086,0.435,6.478260869565218
6affd6c7-c2a7-4830-92a7-7020b268ef23,4,0.75,0.25,0.25,5.7508333333333335,11.5
6b4dcfe4-43cd-476f-946a-26fa7889f031,4,0.75,0.0,0.0,10.6775,4.0
6bbb88ca-db66-48c5-9c4b-862f7706284a,109,0.8532110091743119,0.3119266055045872,0.1834862385321101,5.447777777777778,5.146788990825688
6beb5c31-5418-4404-8d60-fda8153dcb32,7,1.0,0.2857142857142857,0.14285714285714285,0.39555555555555555,8.142857142857142
6bf553ee-36d9-4800-b1ad-b0d7c636d524,4,1.0,0.5,0.25,13.921666666666667,6.5
6c2ba5f0-98b7-4b06-ad93-591d4c1ebe6d,4,0.25,0.0,0.0,0.08138888888888889,1.5
6d618ca2-1f92-4ae8-82e8-d0f405bbee16,4,0.75,0.0,0.0,30.25638888888889,2.0
6d656267-642e-4972-bdec-a35d82b84ebb,3,0.6666666666666666,0.0,0.0,271.63666666666666,2.3333333333333335
6dc86890-53d7-4d06-b767-5e117762d76b,8,0.875,0.75,0.625,0.4741666666666667,16.5
6f099ef3-a069-4658-9189-22ae180bd11c,4,1.0,1.0,1.0,0.6680555555555555,16.0
6f0c8e18-51fe-4035-98db-195878ae1385,3,1.0,0.6666666666666666,0.0,4.1466666666666665,4.0
6f388b94-6346-4702-9acb-0cc74c97a0df,7,1.0,0.8571428571428571,0.14285714285714285,1.1955555555555555,4.428571428571429
6f56dae0-5c28-40a8-a156-f117cc9ea358,3,1.0,0.6666666666666666,0.3333333333333333,11.253055555555555,10.666666666666666
6fccecd2-5a89-4832-856e-cb45f477f7bd,6,1.0,1.0,0.3333333333333333,4.7461111111111105,12.0
7019fd3f-e1e8-47fe-b0ea-91a1dae98cf8,7,1.0,0.2857142857142857,0.14285714285714285,3.216388888888889,3.2857142857142856
7076a323-fa6d-47d3-89f3-e280266e8a04,15,0.8,0.8,0.4666666666666667,0.1375,5.2
7118c226-4c51-4469-9585-31bb14e10f64,4,1.0,0.0,0.0,17.791527777777777,2.75
716f8b05-c7c0-4cf5-af8a-81633f9be9b3,5,0.6,0.2,0.0,26.87527777777778,4.0
71874f06-e0be-4da5-ac2c-0dc6560785f3,10,1.0,0.4,0.3,0.21083333333333334,10.7
71b63b66-d95f-4de8-bc28-5836b6cf5277,4,1.0,0.25,0.25,17.67361111111111,7.5
71f1d49e-2ff4-4d72-b8e6-fd4c67feaa74,11,0.8181818181818182,0.45454545454545453,0.2727272727272727,13.190833333333334,5.909090909090909
7225ac78-3559-416c-a330-978082d5a784,10,1.0,0.6,0.6,3.177777777777778,15.8
73442f06-eb00-468b-8e95-27f6ba2bd6d9,12,1.0,0.75,0.5,2.0045833333333336,6.833333333333333
739f4fba-9a58-448f-932c-bba78ca936da,7,1.0,0.42857142857142855,0.2857142857142857,0.38166666666666665,6.428571428571429
73f7d198-b893-4d4b-a5b0-10c9ba1c07b2,3,1.0,0.6666666666666666,0.3333333333333333,0.08888888888888889,4.666666666666667
74238f8c-a782-4224-bfa6-5af6af94cdd5,9,1.0,0.3333333333333333,0.3333333333333333,9.443333333333333,6.111111111111111
744c9cb9-9eb4-40d7-bd17-4a319a9a4f91,15,1.0,0.8,0.5333333333333333,0.050555555555555555,12.4
7498fc93-5e90-4b47-a79f-c17144cc98d6,13,0.9230769230769231,0.5384615384615384,0.3076923076923077,0.49027777777777776,6.538461538461538
74bc5cd8-0228-478c-9bd2-5c96521bcf28,11,1.0,0.9090909090909091,0.5454545454545454,0.5838888888888889,7.181818181818182
74c3c662-e986-4478-9e33-cada8791b781,13,1.0,0.6923076923076923,0.6153846153846154,1.1055555555555556,8.923076923076923
76a59f54-d492-47ba-8f41-e5618958615f,4,0.25,0.25,0.0,0.7844444444444445,1.75
76b4e24e-2b33-4acf-b688-3622675a121c,3,1.0,0.0,0.0,30.969722222222224,2.0
76cbd083-bbd9-4c3a-b360-0b831a889af8,6,1.0,1.0,0.3333333333333333,0.30166666666666664,9.0
76da1eae-bab4-4f91-b07b-dea981167c59,4,1.0,0.25,0.25,3.5079166666666666,3.75
77335e0e-572f-487f-9515-50b240e50abb,6,1.0,0.5,0.0,16.49111111111111,3.3333333333333335
778729d0-b1b9-400d-8174-1e20287535a5,6,1.0,0.5,0.5,0.24041666666666667,6.166666666666667
77d32324-8aa6-47dd-9499-b94dbe1ea119,3,1.0,0.3333333333333333,0.3333333333333333,1.7169444444444444,6.666666666666667
77dec7ec-2725-4ad9-83f5-95fd6cd1abb7,8,1.0,0.25,0.25,0.11069444444444444,11.5
784e24da-0dfd-407f-9164-6858297f8fe5,16,0.9375,0.875,0.5625,4.625277777777778,6.75
789dfca9-5450-4ebd-8d2d-321e45658917,13,1.0,0.07692307692307693,0.0,9.821944444444444,3.5384615384615383
78f31441-4c00-4c6f-b8fc-b163f0bc9878,4,1.0,0.75,0.75,1.5980555555555556,10.5
79d72ca1-780f-4015-9130-c98b5b7b8f24,3,1.0,0.0,0.0,4.884722222222222,3.3333333333333335
7a50dac0-a380-4578-be01-b33ec9949a12,5,1.0,0.8,0.2,3.0302777777777776,6.0
7ad681fe-05b5-4f71-9033-c9f0cf1ab595,6,1.0,0.5,0.5,0.8690277777777777,7.0
7b968805-3190-4fb7-9aa3-cbd30a1098b4,4,1.0,0.5,0.5,8.903472222222222,15.0
7c0b097b-ea7c-4ea2-967a-8fe38fce6e95,8,1.0,0.5,0.25,6.040694444444445,7.375
7c1720c0-b166-45e1-97d4-65805933e30e,6,1.0,0.16666666666666666,0.0,12.213472222222222,3.0
7c4eb02b-bd9e-479d-9f85-2398b90f9a29,3,1.0,0.3333333333333333,0.3333333333333333,8.643333333333333,2.6666666666666665
7d1b59f9-c07a-4d2e-9f15-9071b5607da8,9,0.8888888888888888,0.4444444444444444,0.0,0.5775,5.444444444444445
7da768f2-fd1e-4bb7-be32-83dedd2ac595,12,1.0,0.5833333333333334,0.3333333333333333,0.26555555555555554,13.583333333333334
7db78847-837c-44aa-829d-e765017ef667,3,1.0,0.0,0.0,20.085555555555555,3.0
7dcda8cb-7734-4394-a5c3-3876ab961804,7,0.8571428571428571,0.5714285714285714,0.42857142857142855,0.7945833333333334,7.0
7dd212e0-d7c5-4438-a218-ff561fb970ab,9,1.0,0.7777777777777778,0.5555555555555556,1.9013888888888888,6.666666666666667
7e351045-84cc-47af-9d13-383d00b8ffe9,6,0.8333333333333334,0.8333333333333334,0.6666666666666666,0.29888888888888887,6.0
7e910b7c-3d65-4fab-a024-2e18cc19c2b9,16,0.9375,0.8125,0.5625,1.923888888888889,10.4375
7f62abf5-0207-4c34-a179-b3a8226ec296,3,1.0,1.0,0.3333333333333333,47.730555555555554,9.0
7fa4ed76-5649-4d83-acbe-73c9f43f4ef9,3,1.0,0.0,0.0,3.0816666666666666,2.6666666666666665
7fb4dfae-ce13-43ce-8547-4cedad855753,8,0.75,0.0,0.0,13.412777777777777,3.625
80164912-f0fd-435e-81d8-836958d46f03,6,0.8333333333333334,0.0,0.0,5.86,3.3333333333333335
80e77a09-a0e7-4205-84e2-9f6094f121f7,3,0.6666666666666666,0.0,0.0,12.143472222222222,2.3333333333333335
815bee16-96b1-4568-9a9d-4cd694df2e32,4,0.75,0.25,0.25,13.5725,6.5
81bde82e-e686-436b-8b61-4850f62eaad3,8,1.0,1.0,0.125,0.8204166666666666,6.375
81e74e5d-22aa-4eec-a54a-9ae0ac74b4cc,3,1.0,1.0,0.3333333333333333,3.0494444444444446,6.666666666666667
821b3f59-e713-489c-ba74-2a66799d58e8,6,0.8333333333333334,0.3333333333333333,0.16666666666666666,0.08888888888888889,4.166666666666667
826976ce-b4bd-410d-9c61-3664205a2f9a,21,1.0,0.47619047619047616,0.38095238095238093,0.6752777777777778,8.523809523809524
8289dd69-af24-4186-9f2a-0c6fec01a026,10,0.9,0.2,0.0,3.856388888888889,5.7
82986fe4-0d0f-4a82-8afa-feaad51de08c,4,1.0,0.75,0.5,1.9379166666666665,9.25
82992868-442b-4c6e-8926-b2ec6724520e,14,1.0,0.07142857142857142,0.07142857142857142,1.8711111111111112,3.857142857142857
82e5bbbf-1c90-4e3b-8a50-c82e76344a20,27,0.8518518518518519,0.2962962962962963,0.14814814814814814,2.0730555555555554,4.333333333333333
834a02c2-44ed-460c-ba37-89a2f7c678bb,4,0.75,0.5,0.0,10.206944444444444,3.0
841c0948-342d-4c1a-ab2b-239b14936f16,5,1.0,0.4,0.0,4.719166666666666,4.6
8578ac3f-09fb-4697-864f-46044a3036b9,9,1.0,0.5555555555555556,0.4444444444444444,1.5694444444444444,6.0
85cce354-ae78-45e2-a073-4ae97ecb11ae,4,0.75,0.0,0.0,1.4608333333333334,1.75
85ececde-963c-4947-8c80-fd27de5a46a8,9,0.8888888888888888,0.3333333333333333,0.3333333333333333,2.779722222222222,8.222222222222221
85f8ce6b-236c-4613-9d9b-6b088a6e61a3,10,1.0,0.3,0.3,6.098333333333333,5.5
85f901f9-eec4-46f6-9f7b-2bfac02dbee4,5,1.0,0.4,0.2,2.3022222222222224,6.0
86a6b056-9b85-40d2-8e37-e55134aa1a46,3,1.0,1.0,1.0,2.6463888888888887,10.0
86b39b70-965b-479d-a0b0-719b195acea2,172,0.9709302325581395,0.2616279069767442,0.13953488372093023,9.915,6.27906976744186
87186325-8baf-4b1b-a251-72388330fee0,8,0.875,0.25,0.25,9.129444444444445,4.5
8720c150-de50-47c7-bfd3-b6013e4e31ea,4,0.75,0.25,0.0,5.8275,3.5
8722e31e-db0e-42f7-92cd-1b846ebc88d4,14,1.0,0.5,0.2857142857142857,1.18625,8.928571428571429
8772bc85-a9b7-4d85-a52d-41f3620c2912,7,0.5714285714285714,0.14285714285714285,0.0,9.935277777777777,2.2857142857142856
882d1e82-a229-470b-ac01-2e417e7f2daa,23,0.8695652173913043,0.4782608695652174,0.30434782608695654,4.983194444444444,9.391304347826088
883613d4-e3a3-4aaf-973c-070a85605aaa,6,0.6666666666666666,0.3333333333333333,0.16666666666666666,5.046250000000001,3.5
89d68162-7ce3-4efa-9b39-fa8b300eea85,4,1.0,0.25,0.25,4.000277777777778,4.25
8a218942-a036-400e-8ff1-b3e6caf36c73,15,0.8666666666666667,0.26666666666666666,0.06666666666666667,25.09,2.4
8a4de8c0-8de7-4c9f-b3b6-6f0efa62f0d0,22,0.8636363636363636,0.2727272727272727,0.22727272727272727,6.224722222222222,3.6818181818181817
8a916414-d73b-4403-a69e-cc9cb1e1c872,3,1.0,0.3333333333333333,0.0,0.23333333333333334,9.333333333333334
8a9f8ee3-1e01-479c-b76f-a4ab2ada41f1,5,0.8,0.6,0.0,18.147222222222222,2.2
8aa37f14-6862-431e-8c39-5b8bac54c0ab,17,1.0,0.8235294117647058,0.4117647058823529,2.515277777777778,8.0
8ab96928-8874-42f8-b09f-5720e23f5b13,3,1.0,0.6666666666666666,0.6666666666666666,1.3725,6.666666666666667
8b06a3c3-2928-4db7-8435-24dfdced06b5,9,1.0,0.7777777777777778,0.4444444444444444,1.3108333333333333,13.88888888888889
8b913d22-31fb-4d9a-a14d-19681563efdc,12,1.0,0.08333333333333333,0.0,2.3633333333333333,4.5
8b93489d-bd4f-4d14-8d82-eddb215aacf9,6,1.0,0.6666666666666666,0.5,1.1231944444444446,7.333333333333333
8be6bf94-aeb3-4a51-8ac4-db60baedfea1,13,1.0,0.6923076923076923,0.38461538461538464,5.065,6.384615384615385
8bf257d5-f629-4b07-8296-7c63d583764e,3,1.0,0.3333333333333333,0.3333333333333333,21.476111111111113,5.666666666666667
8c3cc804-2533-4a65-853b-53edbafdfe76,8,1.0,0.5,0.375,4.318888888888889,8.875
8c55e895-74e2-4871-bd3f-c373700f4a50,18,1.0,0.1111111111111111,0.1111111111111111,23.38222222222222,4.555555555555555
8c8fa6ce-8dc4-4a66-9c0e-4e07e2e6d0da,7,1.0,0.14285714285714285,0.14285714285714285,1.7094444444444445,6.428571428571429
8cbcb374-6da4-4e6d-a4c4-4162bf6faae0,9,0.8888888888888888,0.7777777777777778,0.5555555555555556,0.22111111111111112,7.333333333333333
8ccb3e6b-7b90-4de7-ac10-1e8f35824d23,10,0.6,0.5,0.4,0.20541666666666666,9.2
8d31dbce-fc8e-4c25-9f9b-758684a5941d,11,1.0,0.5454545454545454,0.36363636363636365,2.0922222222222224,7.545454545454546
8e7572ae-4859-402b-8029-bbef97038b57,13,0.7692307692307693,0.15384615384615385,0.15384615384615385,21.733333333333334,4.076923076923077
8f2b7de4-c5a8-4c05-8a4a-4a6645594d40,12,1.0,0.75,0.4166666666666667,0.15958333333333333,7.333333333333333
8f9c5511-4e4d-4dc1-b206-1655d432d8ec,7,1.0,1.0,0.42857142857142855,0.25833333333333336,8.857142857142858
8fb63dbe-bbfe-4282-9891-265f72b213c1,5,1.0,0.4,0.2,1.8741666666666668,6.0
8fc47fd7-9ecb-4666-953a-e488bd0228a4,8,0.875,0.5,0.25,12.824166666666667,6.0
90886dba-79f6-4680-95e1-ef67045f6172,21,0.9523809523809523,0.9523809523809523,0.23809523809523808,0.125,5.095238095238095
908e0c1f-bb2d-47d8-a578-c47e001a0e85,8,1.0,0.875,0.625,6.014861111111111,7.5
9117bd5e-2d56-47c0-a15b-79b61b8c5835,4,1.0,0.75,0.5,0.06319444444444444,10.25
91bf3e20-e4ec-4099-a3d4-096e8c9b6b77,11,0.9090909090909091,0.45454545454545453,0.36363636363636365,0.1577777777777778,6.7272727272727275
9278f142-47ef-49f4-b622-6a3fad4db4d7,7,0.8571428571428571,0.7142857142857143,0.42857142857142855,2.285555555555556,6.571428571428571
92cb4b10-6a7a-41a3-93f7-40732f1c37c7,4,1.0,0.75,0.75,0.36347222222222225,15.25
92ea2f42-d8e8-4c7b-905c-3141667d1501,9,0.8888888888888888,0.7777777777777778,0.4444444444444444,8.729861111111111,6.888888888888889
93871d36-d01d-48f9-a1bd-4e6fbe507e97,11,1.0,0.36363636363636365,0.18181818181818182,1.1047222222222222,5.090909090909091
95234c4d-2aed-4e19-bb81-980d4fb38d58,5,1.0,1.0,0.8,1.9944444444444445,14.6
955ef1f0-31dc-4279-9854-577416484ce3,25,0.88,0.16,0.16,0.48597222222222225,4.84
95b5ee41-6ed4-46c3-b1f5-983b57603fbe,5,0.0,0.0,0.0,,1.2
96bafc4d-e494-496f-8715-66edb3387790,3,1.0,0.6666666666666666,0.6666666666666666,1.2938888888888889,8.666666666666666
96c306b3-5deb-4c27-b0cd-a011d5be366b,10,1.0,0.3,0.3,0.40388888888888885,4.3
96f4d303-37d6-4fcb-b2d0-9340578e5f33,3,1.0,0.0,0.0,8.063611111111111,3.0
97c205ac-523b-4869-aa40-336c1653c644,3,0.0,0.0,0.0,,1.3333333333333333
98a7a4f5-4654-47d1-940f-7efc3d6d777f,12,0.5833333333333334,0.0,0.0,20.717777777777776,1.9166666666666667
9944fd23-b081-433c-938c-b118737e6f46,12,1.0,0.16666666666666666,0.08333333333333333,1.27125,5.333333333333333
99816ede-1e56-4e83-9fd5-33d9727a8aae,5,1.0,0.6,0.4,2.2441666666666666,15.6
99e90aed-67ed-465f-b29e-904201ed94ac,6,1.0,1.0,0.5,1.3577777777777778,11.166666666666666
9a089fe6-7c9b-4881-be5a-0311be5dd23f,18,0.9444444444444444,0.5555555555555556,0.3333333333333333,0.9255555555555556,7.111111111111111
9a66b3d0-29fa-4a78-b45d-97374ecdb590,3,0.6666666666666666,0.0,0.0,19.276944444444446,2.0
9aa3f4be-74c6-408d-93ea-59bc6997593c,6,1.0,0.16666666666666666,0.16666666666666666,13.784166666666668,5.5
9af6231a-eef4-43ff-a094-35c3ff542413,3,1.0,0.3333333333333333,0.3333333333333333,0.5030555555555556,8.666666666666666
9b304b8e-12e2-4af3-ab98-62bdeb06c3e3,6,1.0,0.5,0.3333333333333333,3.15125,5.666666666666667
9b5c07ed-88bc-4315-834b-a7d5cc8be1de,3,1.0,0.6666666666666666,0.3333333333333333,6.515,15.333333333333334
9bd9d3cb-a010-47fd-8c80-9f2dd0717fa2,6,1.0,0.8333333333333334,0.3333333333333333,7.383055555555556,6.166666666666667
9bff5d31-b17e-440d-8783-cc7a61763d72,16,0.5,0.125,0.0625,3.013055555555556,5.5625
9c24f0c1-78c2-4a85-89da-8ff4070461de,3,1.0,0.6666666666666666,0.6666666666666666,12.083333333333334,8.333333333333334
9d2cd0bd-077e-48b4-b0fd-ba535e143a97,9,0.7777777777777778,0.7777777777777778,0.4444444444444444,0.15444444444444444,6.333333333333333
9e05eae3-144d-421a-98ee-4c7723fe192c,6,1.0,0.3333333333333333,0.3333333333333333,10.3,7.166666666666667
9e54032a-f0e5-4897-a070-cb67b15b1ee0,13,0.9230769230769231,0.5384615384615384,0.46153846153846156,0.24444444444444444,12.076923076923077
9e70e5db-b6d0-4c43-8f8a-614ea8bd78a1,17,0.9411764705882353,0.47058823529411764,0.17647058823529413,0.6925,4.647058823529412
9e753394-9a0c-4673-b5a4-6165e7a7159c,12,1.0,0.5,0.3333333333333333,7.35125,7.833333333333333
9eb0609e-9e28-4d15-a026-af82daab66ff,11,1.0,0.09090909090909091,0.0,15.1,2.6363636363636362
9f4e2f28-06de-4ec4-8799-caeb2bba52ac,15,0.7333333333333333,0.5333333333333333,0.3333333333333333,0.26611111111111113,7.0
9f8991e4-b97c-4156-bf8f-918c6c5c84ff,4,1.0,0.25,0.25,4.281527777777778,4.75
a041f462-4aee-49e4-aeff-7c76ba3fc408,17,0.8823529411764706,0.5294117647058824,0.35294117647058826,2.52,5.9411764705882355
a0472fe0-b79e-42fe-9519-62ab4b41de2a,7,1.0,0.14285714285714285,0.0,12.785277777777777,3.2857142857142856
a04f70dd-49b2-4fec-b818-ddcb0456f877,5,1.0,0.4,0.0,0.7969444444444445,2.8
a0e06e19-10c1-4d06-88ad-f68bef9ef8ce,8,1.0,0.625,0.125,1.22125,5.0
a118e945-15d5-4079-9a34-6b5c59f0cabb,14,1.0,0.21428571428571427,0.14285714285714285,13.219027777777779,3.5
a14c91a7-ef00-4015-a673-0d967daaf7c3,5,1.0,0.4,0.4,3.870277777777778,7.0
a14e1f2a-10f4-4832-9eae-53e17ca7fcb3,15,1.0,0.7333333333333333,0.4666666666666667,1.1111111111111112,12.4
a16dec82-76af-408f-8d13-a9e1760ad2ab,8,1.0,0.75,0.625,0.20402777777777778,10.875
a1801525-357a-4d2e-8af2-c09e17b5a057,7,1.0,0.5714285714285714,0.2857142857142857,0.6894444444444444,5.285714285714286
a23c75c4-727c-41fd-b0be-d298c16da971,8,1.0,0.625,0.0,14.5275,3.75
a33e4240-6a0c-47b4-b866-45f9b5952c18,60,0.7666666666666667,0.18333333333333332,0.13333333333333333,5.4625,4.516666666666667
a3e6a337-b74f-4875-b31d-906d66e1477a,12,1.0,0.8333333333333334,0.25,0.3838888888888889,4.583333333333333
a4911895-a849-4e30-a36b-215606b3db57,7,1.0,0.7142857142857143,0.2857142857142857,19.549166666666668,7.0
a4cda3ca-b584-4b4f-a6f9-8dbdd22d67cd,7,1.0,0.7142857142857143,0.2857142857142857,0.7922222222222223,6.571428571428571
a52f0098-7a13-4867-bc33-f524f735f6be,8,1.0,0.875,0.5,0.32,6.75
a56d62a0-634c-4a7d-8467-74ef7013052e,33,0.9696969696969697,0.15151515151515152,0.15151515151515152,0.6872222222222222,4.03030303030303
a60f60c5-d214-4e21-9a87-ad52731998a4,3,1.0,0.3333333333333333,0.3333333333333333,2.923611111111111,13.666666666666666
a6ae621a-72e7-4d11-94b2-4968260cbe6c,20,1.0,0.05,0.05,3.96,3.8
a6bf91dc-a636-45b4-ae6d-edeea6c83666,8,1.0,1.0,0.625,0.26208333333333333,17.75
a7026795-4d34-412b-8fcc-21f99ea98b17,9,0.8888888888888888,0.8888888888888888,0.6666666666666666,0.19624999999999998,11.222222222222221
a76d56a1-a9d1-475b-a594-6ec611829fae,5,1.0,0.4,0.4,0.5688888888888889,7.4
a7cb3752-418a-42f4-8cc8-cc253c02f7c2,10,1.0,0.6,0.4,3.7448611111111108,5.0
a83f92fb-fcbf-445b-8cb5-516560f50601,14,1.0,1.0,0.7142857142857143,0.06666666666666667,14.642857142857142
a84fd08c-8bda-45d6-af26-033408ddbafc,10,1.0,0.7,0.4,0.7533333333333334,8.0
a85f1b36-76be-4408-a162-c8d152a96265,10,1.0,0.9,0.4,3.857222222222222,8.6
a88a609b-49aa-4145-9b0d-f1c7c2f5da48,8,1.0,0.75,0.375,0.3631944444444445,8.0
a8a844c4-eb6b-42af-91a5-debe63e22201,8,0.875,0.75,0.625,1.44,6.625
a8d191e8-2f99-4308-bbf4-d4040bd9c4f5,10,1.0,0.7,0.2,0.9975,9.2
a91caa70-830c-43d7-b265-886664c2b4c3,9,1.0,0.8888888888888888,0.8888888888888888,9.460277777777778,12.555555555555555
a944388f-a498-43dd-a1b9-d8108888e734,8,0.875,0.125,0.125,4.319444444444445,4.625
a9c06aaa-ffc6-4d2e-b9ad-f263e184022d,6,1.0,1.0,0.6666666666666666,0.22013888888888888,14.5
a9d6d981-c206-4658-ade8-b1572c4e7eaf,6,1.0,0.5,0.5,0.6254166666666666,4.833333333333333
aa6688cf-0f90-435a-8063-a8ff1665654b,3,1.0,0.3333333333333333,0.3333333333333333,3.4080555555555554,3.6666666666666665
aaa86a00-c1c8-4810-b19c-01378e2659c0,4,1.0,1.0,0.0,1.442361111111111,3.75
ab4811a4-39a6-43ec-95dd-03253825fa4b,9,0.8888888888888888,0.3333333333333333,0.2222222222222222,10.637777777777778,6.333333333333333
ab556b3f-27bd-4746-823c-dbeecc282a31,10,1.0,0.6,0.5,9.715694444444445,8.0
abb5d397-21a8-4db7-887b-66d6cdb65574,8,1.0,0.5,0.375,3.935277777777778,7.5
abf09da9-1792-4f19-941a-6f43ae963c4c,5,1.0,0.8,0.0,0.6736111111111112,3.4
ac162061-55e2-4072-ac91-2e080f9581f2,11,1.0,0.18181818181818182,0.18181818181818182,0.5369444444444444,4.909090909090909
ac639471-2006-4e6a-8d88-4a210caad389,5,1.0,0.4,0.4,0.2036111111111111,8.0
ac761bbc-1f85-45f8-9952-523cf1a66a26,6,1.0,0.8333333333333334,0.3333333333333333,0.3794444444444445,10.5
ac79ff17-18fe-4799-a724-73e11ae1549b,4,1.0,0.25,0.25,6.306666666666667,5.5
aca1b485-5eb6-4a39-a229-22c972146976,7,1.0,0.14285714285714285,0.14285714285714285,1.8580555555555556,4.571428571428571
ad1e8721-9090-4c74-b7f7-271125689f20,7,0.8571428571428571,0.2857142857142857,0.14285714285714285,2.8041666666666667,4.285714285714286
ad40e864-1516-47cf-bb5c-93ad615ebd57,3,1.0,0.0,0.0,0.2011111111111111,4.0
ad6aae7f-0021-4279-9179-39a89b99fb52,13,0.9230769230769231,0.9230769230769231,0.7692307692307693,0.00625,16.53846153846154
ae15f3f2-75e1-4883-bd96-919236b39396,8,1.0,0.625,0.125,2.8513888888888888,6.625
ae984b40-813f-4124-b475-187973798029,3,1.0,0.3333333333333333,0.3333333333333333,0.1125,5.333333333333333
af9f97eb-b3b4-4395-9d86-15884b827394,20,0.9,0.3,0.15,3.133472222222222,3.15
afbd87b7-c0e3-4148-8cf9-271b561060e0,9,1.0,0.2222222222222222,0.1111111111111111,0.7502777777777778,4.444444444444445
aff6e866-0f9e-47d8-a9fc-b8bb288fdcef,17,0.9411764705882353,0.7647058823529411,0.35294117647058826,0.38472222222222224,4.9411764705882355
b0194cdc-69e6-49c1-9c2c-c28ab399b6ed,3,1.0,0.6666666666666666,0.6666666666666666,0.2961111111111111,5.0
b02c6a9f-af80-4275-92bd-4c4065c5a804,10,0.9,0.5,0.3,0.6386111111111111,5.2
b057b906-f7c9-496f-9ea8-f39345658e95,3,1.0,1.0,0.6666666666666666,2.3680555555555554,12.0
b135bab8-5f72-4dcc-8c40-4d0af86585cd,4,0.75,0.25,0.0,0.8263888888888888,2.75
b1647c26-5b64-4dee-8479-9596cf757ce4,4,0.75,0.0,0.0,4.8997222222222225,3.25
b1823d10-901d-4224-9036-e2055fe9e1f1,3,0.6666666666666666,0.6666666666666666,0.3333333333333333,0.7443055555555556,4.333333333333333
b2484d1f-68ef-441d-889a-fa777dbdab96,5,1.0,0.6,0.6,1.8402777777777777,5.8
b2ba4b46-3aad-4a22-9cfa-03e4a96a18e3,3,1.0,0.3333333333333333,0.3333333333333333,0.7486111111111111,10.0
b2d13abe-8566-42cc-a269-255b5f096def,9,1.0,0.7777777777777778,0.2222222222222222,0.4027777777777778,9.777777777777779
b2dcbf21-187d-41ee-8d8c-b8aca9a7ed68,3,1.0,0.3333333333333333,0.3333333333333333,17.549444444444443,6.666666666666667
b351d761-1be5-424a-a854-014bdbd96901,5,1.0,0.2,0.2,2.4505555555555554,9.8
b3733cf9-85eb-42b0-b5f9-156ab0504b31,6,1.0,0.6666666666666666,0.3333333333333333,0.9004166666666666,5.0
b381da8b-0612-4e05-a4eb-4be14c47cb18,3,1.0,0.0,0.0,0.16916666666666666,2.3333333333333335
b3fc1a34-468e-4037-809b-b709e062e1b7,5,1.0,0.2,0.2,2.6908333333333334,4.6
b441cc5d-0e8c-40b9-87a8-ae22ac8bbbd0,8,1.0,0.25,0.125,0.3105555555555556,4.125
b4b1919a-d0dc-43b7-be00-f23c8340531c,9,1.0,0.6666666666666666,0.5555555555555556,0.24333333333333335,9.0
b4be9f7c-0ea5-46a1-aaba-3749466b7610,3,1.0,1.0,0.6666666666666666,1.8388888888888888,12.333333333333334
b4d9f0b1-396f-4908-b83f-f637d677753d,7,0.8571428571428571,0.2857142857142857,0.2857142857142857,0.14597222222222223,4.714285714285714
b52eb377-22cb-40a8-9def-1c351d6f6dad,6,1.0,0.5,0.5,1.9152777777777779,6.833333333333333
b56839e4-9b50-480b-803a-1b85e8fa63a1,9,1.0,0.6666666666666666,0.4444444444444444,0.7819444444444444,9.555555555555555
b56f02d3-2ae3-463b-8267-fde433d98735,5,1.0,0.4,0.2,6.433888888888889,4.4
b58d6d66-ae95-46df-8aa4-85f4577cff5d,18,1.0,0.9444444444444444,0.6666666666666666,0.1383333333333333,10.666666666666666
b5c54ae9-dec8-423e-ac67-04e01e9a70bc,5,1.0,0.8,0.2,9.659444444444444,3.4
b60dbd1b-7b8f-4878-a5b3-9475605fc164,5,1.0,0.6,0.6,3.778888888888889,10.4
b65753f9-6c02-41b8-846e-93d40e13e452,3,1.0,1.0,0.0,3.758611111111111,3.0
b6b8c353-037b-4679-9607-e511f89502e6,8,0.875,0.5,0.375,0.7147222222222223,7.25
b6f265f8-c9f3-431c-9427-bace933b2029,10,0.9,0.6,0.5,2.2688888888888887,7.3
b75d4aa6-9f8e-4f5b-8658-d90fadc6d013,4,0.75,0.75,0.5,4.786388888888889,6.5
b7693a95-4695-4a4c-98e7-2f332a351856,6,1.0,0.8333333333333334,0.3333333333333333,1.7526388888888889,4.666666666666667
b7aa6d64-5ee9-426a-b56e-8015dcba1ac8,6,1.0,0.3333333333333333,0.3333333333333333,4.257916666666667,8.333333333333334
b7f5026d-71c3-462d-80af-ee3a6fdd0858,5,0.6,0.0,0.0,20.4125,2.4
b7f5b351-9ec1-4f0e-824e-5a4695f19dc7,5,1.0,0.4,0.2,1.5297222222222222,6.4
b881e451-c805-4363-8eaa-597dd0ffde31,13,0.9230769230769231,0.6923076923076923,0.3076923076923077,1.259861111111111,4.230769230769231
b8c72541-d917-4e1b-8578-37508069780b,3,0.6666666666666666,0.0,0.0,1.1381944444444443,2.6666666666666665
b8ce276f-827d-4ad0-8fe5-5b626763fa11,5,1.0,0.4,0.0,6.088333333333333,3.4
b92639c1-a5a8-48f6-8484-4fe6f62d1c6d,10,0.9,0.3,0.1,10.782222222222222,5.8
b928240d-997b-448b-b1d5-91d7c3156698,3,1.0,1.0,0.6666666666666666,0.05277777777777778,22.666666666666668
b9800b7c-ac84-4165-9563-035b3d677fba,10,1.0,0.8,0.7,1.263611111111111,6.2
b9a24859-2459-444f-8664-225664ef46f1,3,1.0,1.0,0.3333333333333333,0.6030555555555556,15.0
ba05710c-2c40-44a7-8b56-52ceee1eed1e,7,0.7142857142857143,0.14285714285714285,0.14285714285714285,0.15694444444444444,7.571428571428571
ba31318f-11fc-4c4c-8c11-c30666140358,6,1.0,0.5,0.16666666666666666,1.468888888888889,8.833333333333334
bb800fd3-da23-4d0c-8e6e-654628625ca9,11,1.0,0.09090909090909091,0.09090909090909091,3.278611111111111,3.727272727272727
bc047ba1-5952-4898-8afc-a13bd065f008,4,0.75,0.5,0.25,1.74,6.0
bc0aa833-7bb0-4dee-ba63-2193e4086e28,9,1.0,0.2222222222222222,0.1111111111111111,2.5411111111111113,6.666666666666667
bc79fbb6-a3f6-42dd-bed7-22097c1fc240,4,0.75,0.5,0.0,0.42944444444444446,3.75
bca8a3a9-b78b-4a27-8d94-17bac9b7aac7,8,1.0,1.0,0.75,0.155,10.5
bcdf2edf-7745-4c10-9057-0fef65784fcb,4,1.0,0.5,0.25,2.0279166666666666,3.5
bd0200b4-a4e6-475c-afdf-157c82d110d3,8,1.0,0.375,0.125,3.108194444444444,5.375
bd32fc02-e110-4ca4-a284-826405cbcf03,4,1.0,1.0,0.75,2.3519444444444444,7.5
bd95b1b6-e9a7-43e8-a948-671d7f12fc0b,5,1.0,1.0,0.4,0.3852777777777778,4.4
bdd8a691-31e2-48d8-b526-6a75a4363b89,5,1.0,0.8,0.4,0.8891666666666667,11.8
be536904-b978-41de-a855-27007b04b142,5,0.8,0.6,0.2,0.5608333333333334,6.6
be6897b8-6287-4152-bb40-bbb267fe0c6c,7,1.0,0.42857142857142855,0.2857142857142857,0.5088888888888888,6.571428571428571
bea47259-e52c-4120-b6b6-6319c0dacdfb,12,1.0,0.3333333333333333,0.25,0.9901388888888889,6.666666666666667
beb12876-6ee7-4934-bbf6-fbd70724fc6f,5,1.0,0.0,0.0,11.980555555555556,6.4
beca4237-408a-4e01-aec2-6c28850f6405,8,1.0,0.125,0.125,3.062638888888889,5.25
becd48ad-623e-4821-9538-e9d8f84f1cac,108,0.9722222222222222,0.6666666666666666,0.6018518518518519,0.07666666666666666,6.018518518518518
bee0f55d-b8bd-4099-b8f6-4badaa989cd1,4,1.0,0.25,0.25,1.5048611111111112,12.0
beeab7c3-ab4e-45d7-bde9-978de0fd8d57,30,0.7333333333333333,0.2,0.1,1.6502777777777777,3.3333333333333335
bf16e655-3249-401b-837b-91d78cd82cdb,25,1.0,0.0,0.0,13.747777777777777,5.44
bf310e0f-b97f-4faf-8f30-d81987d868cc,3,1.0,0.6666666666666666,0.3333333333333333,0.19527777777777777,3.3333333333333335
bf9c1c53-7280-49c2-be4a-24b7dff2a50d,19,1.0,0.9473684210526315,0.42105263157894735,0.07555555555555556,8.210526315789474
bfa2692d-c2c5-4a08-b2fa-6814cd5e0285,7,1.0,0.2857142857142857,0.2857142857142857,1.1758333333333333,4.571428571428571
bfce9265-fe18-4aab-9cb9-0cf6184d93e1,15,0.9333333333333333,0.3333333333333333,0.06666666666666667,2.305416666666667,5.0
bfe8118e-c490-46d6-b629-927b399626f6,20,0.95,0.6,0.45,0.2980555555555556,7.95
c18a0503-7079-46c7-bbf0-8cc0914e7c58,38,0.7894736842105263,0.02631578947368421,0.02631578947368421,15.0025,2.4473684210526314
c1b5f9aa-5aad-4f82-817a-b80d03e21562,3,1.0,0.3333333333333333,0.3333333333333333,12.25,2.6666666666666665
c1da4039-1b9b-4cdc-b183-cca3cf924430,6,1.0,0.3333333333333333,0.3333333333333333,1.6233333333333335,5.333333333333333
c305a32f-2b79-43b7-9553-61f06d48348f,12,1.0,1.0,0.4166666666666667,0.11027777777777778,8.0
c3a8966a-ec33-42a8-834d-336f14ea04aa,4,1.0,0.0,0.0,0.9877777777777778,5.0
c3cbb91b-8870-49dc-81f7-13f3861d6b66,6,0.8333333333333334,0.3333333333333333,0.3333333333333333,4.4075,6.666666666666667
c4988f29-6ab6-4afb-9c4c-1e8ae41524d2,4,1.0,0.75,0.75,19.65125,12.25
c513bf3a-631c-49f1-9992-c57e4d7656e9,3,1.0,1.0,1.0,1.6694444444444445,10.666666666666666
c5d25018-47f7-4be5-a444-b22ea410ea65,22,1.0,0.6818181818181818,0.4090909090909091,0.4245833333333333,6.2272727272727275
c5dfa75e-ff19-4858-895b-c087c85f5f39,3,1.0,0.0,0.0,6.295833333333333,2.6666666666666665
c613d75a-50c6-437a-9eb0-b9ed2ffd2e86,7,1.0,0.5714285714285714,0.14285714285714285,0.5019444444444444,6.571428571428571
c6522234-bc48-48d7-b868-ba4a299bbc68,10,1.0,0.7,0.7,0.22847222222222224,7.3
c652887c-44e6-4243-9dd7-29d8032467f0,3,1.0,1.0,0.3333333333333333,0.18555555555555556,6.333333333333333
c6874ea0-3dc7-418c-b1c2-2716e60db5bb,34,0.7058823529411765,0.058823529411764705,0.029411764705882353,8.960694444444444,3.3823529411764706
c6eb7e6e-aebe-4579-a83a-f299c4230f55,4,0.75,0.75,0.0,75.43833333333333,2.5
c72b3365-fbd0-45fc-b76e-9129110cdc41,8,1.0,1.0,0.5,0.7666666666666666,9.125
c7528d26-af4a-4814-9095-f33b47c10f7e,4,0.5,0.0,0.0,0.14222222222222222,2.25
c7a43e26-a4f6-4449-95e2-740cb585f5e8,31,0.967741935483871,0.0967741935483871,0.06451612903225806,1.1391666666666667,3.7419354838709675
c7a4e863-af8c-4b4f-a78a-306fb7dac657,5,1.0,0.8,0.4,0.14472222222222222,10.0
c7cc35bf-7d9a-45ea-9ec6-947da681268f,6,1.0,1.0,0.5,0.4161111111111111,9.166666666666666
c7d9d614-0444-4848-b0bb-5c38dd49d4e5,5,0.8,0.4,0.0,0.10958333333333334,4.8
c85e97c3-6c63-4a8c-90a3-5353f187d1a8,6,1.0,0.3333333333333333,0.3333333333333333,4.39875,12.5
c8a4ad93-b393-4ddd-8f44-a827bbc7e652,8,1.0,0.5,0.25,0.3506944444444444,10.625
c90b37dc-cac0-4418-8991-cf678fc3fbcd,3,1.0,0.6666666666666666,0.6666666666666666,0.38333333333333336,7.333333333333333
c922f592-ee44-42ea-922f-06de2bf35c26,9,1.0,0.5555555555555556,0.4444444444444444,0.6133333333333333,9.0
c9614ca3-0e05-4bca-ac94-02eb7f0b0e12,4,1.0,0.25,0.0,0.7461111111111111,5.0
c9e911f0-2541-4de2-a014-d984a47099fa,16,0.9375,0.8125,0.4375,0.26555555555555554,7.875
c9f7c0e2-b0b9-48ca-9da9-481a4285183b,3,1.0,1.0,0.3333333333333333,1.5616666666666668,7.333333333333333
ca05ee8d-6073-4b10-8670-3601981dd436,7,0.8571428571428571,0.0,0.0,18.037777777777777,2.857142857142857
ca5d7fc8-46f9-4baf-b9f5-ced6c6987f40,13,1.0,0.46153846153846156,0.3076923076923077,0.24166666666666667,5.923076923076923
cac211f7-0cad-4819-bade-b58b2c8658f8,9,1.0,0.6666666666666666,0.2222222222222222,3.0502777777777776,9.666666666666666
cb15410c-7c92-4d82-ba71-6c836346fe36,7,1.0,0.42857142857142855,0.14285714285714285,3.899722222222222,6.428571428571429
cb255ef0-3337-4104-b012-35c27907a152,7,1.0,0.14285714285714285,0.14285714285714285,0.21805555555555556,3.4285714285714284
cb52ac22-9291-4193-918f-e60d886f81c5,5,1.0,0.6,0.2,8.213055555555556,5.2
cb5685d0-1744-43ab-ba74-34d756e99c10,3,1.0,0.3333333333333333,0.3333333333333333,3.556111111111111,7.0
cb66fb13-ea38-48e1-8ea7-db6433e20ede,4,1.0,0.25,0.25,11.023888888888889,10.0
cb675881-60a9-4e27-8a4b-dbdc9726940a,5,1.0,1.0,0.8,0.5380555555555555,9.0
cb6b1afb-f9e5-4772-8eae-cebdee8b909e,5,1.0,0.6,0.2,3.843888888888889,6.6
cb7c5547-45d4-49c7-9088-3937ebcb61ef,8,1.0,0.625,0.375,0.08583333333333334,6.875
cba94f36-9d96-434e-8535-76f75dd766b1,4,1.0,0.75,0.75,12.120972222222221,11.0
cbac2f40-9b26-4f76-9e55-fc3e81796055,8,1.0,0.875,0.125,1.9677777777777778,4.25
cc73f0f0-8d0a-44db-8b24-bdded05dac99,12,0.75,0.0,0.0,1.3152777777777778,2.3333333333333335
cce7bd2b-40db-4f6b-b1c0-673951a361f8,4,1.0,0.75,0.0,12.853333333333333,3.5
cd063d55-f5f1-4fb1-b0f6-4348d087a706,6,1.0,0.5,0.3333333333333333,4.544861111111111,4.666666666666667
cdff760d-4555-463a-8dbf-f678109d4b19,3,1.0,0.3333333333333333,0.0,0.30194444444444446,4.666666666666667
ce46ef93-9dfd-413f-92c0-1ac030d72287,7,1.0,0.42857142857142855,0.2857142857142857,0.3561111111111111,6.428571428571429
ce7d958e-f8c4-4916-83c7-7fc2a27764d1,3,1.0,1.0,0.6666666666666666,5.016388888888889,6.666666666666667
cebaca32-0f34-4630-b226-ac07439ccb2c,4,0.75,0.25,0.25,5.864722222222222,8.5
ced78ebc-7dc3-4022-90de-202ccf242f94,3,1.0,0.3333333333333333,0.0,0.1413888888888889,6.666666666666667
cf1801fc-b0b4-47e2-a04b-1a7abf40429f,4,1.0,0.75,0.25,12.336805555555555,5.25
cf4b98b1-fcfc-4eed-92eb-7e9bc9d269ef,13,1.0,0.38461538461538464,0.3076923076923077,0.3213888888888889,9.23076923076923
cf55c039-9e9f-41e7-97a9-3c16ae6bf2e0,4,0.5,0.25,0.25,10.483472222222224,2.75
cf5bfd75-8960-4268-a19d-0ef6c29c48c6,6,0.3333333333333333,0.0,0.0,43.37763888888889,3.1666666666666665
cfec9eed-6d00-4fd8-83ee-2237b12079cf,4,0.75,0.75,0.75,1.028888888888889,2.25
d00b32e3-11ee-4f76-a5b4-a7f036ea6b10,14,0.9285714285714286,0.8571428571428571,0.35714285714285715,0.1836111111111111,7.5
d0b6d89a-4379-43f2-9560-4943df5b8f4f,13,1.0,0.15384615384615385,0.07692307692307693,3.0613888888888887,5.538461538461538
d12165bf-ce52-4415-9bfe-4d236d2ae857,16,0.9375,0.75,0.5625,0.25833333333333336,8.0625
d1312ea0-1744-44da-8daf-bc5016da50d5,5,1.0,0.0,0.0,0.2872222222222222,3.4
d1f019a2-0f76-4958-8d59-3556f3ff2262,5,1.0,0.2,0.2,1.0030555555555556,4.6
d217debc-d6f5-4e66-a2df-f272db2a8857,11,0.8181818181818182,0.18181818181818182,0.09090909090909091,2.4444444444444446,4.363636363636363
d24b0935-f0b2-4e47-ba7c-cd532c0afbb3,3,1.0,0.6666666666666666,0.6666666666666666,4.159722222222222,8.666666666666666
d286c3b8-b8c0-4543-a32e-1f5551d16a7d,6,1.0,1.0,0.8333333333333334,0.49416666666666664,8.833333333333334
d3277547-fb16-4efa-be73-13c608ac206b,6,1.0,0.6666666666666666,0.5,1.3144444444444443,7.833333333333333
d36b8dd7-b2ea-4920-8625-f278e42851e4,5,1.0,0.2,0.2,18.825833333333332,3.2
d3c40e86-f988-4b79-8e4d-0efec5a5eca6,4,1.0,0.25,0.0,8.787083333333333,3.0
d417b763-efcc-4643-b7b2-e9f6331fdb79,7,1.0,0.2857142857142857,0.0,1.0322222222222222,3.7142857142857144
d4447206-62d6-4372-884f-977d0e95847e,4,1.0,0.5,0.5,5.4752777777777775,6.75
d46e4dec-be4f-41a2-96e0-5cf7b06b6791,6,1.0,0.8333333333333334,0.6666666666666666,0.49930555555555556,13.0
d4772b8f-3451-4076-a0ee-4c1341c84327,7,0.7142857142857143,0.2857142857142857,0.2857142857142857,18.94333333333333,6.285714285714286
d4c7b020-ed6a-410f-992c-1c86b17f918e,3,1.0,0.3333333333333333,0.3333333333333333,18.650277777777777,3.0
d4fac41a-cfb0-4440-8f5f-cc71d69900bf,9,1.0,0.5555555555555556,0.4444444444444444,1.4558333333333333,10.0
d59f811e-472b-47b7-abb8-f33f00127e1c,5,1.0,0.2,0.2,1.8244444444444445,3.6
d5ab6ad0-b01b-46b3-8cb8-c3417c437da2,9,1.0,0.2222222222222222,0.2222222222222222,7.394722222222223,5.333333333333333
d5bf9afd-9572-4f60-955e-02706cc7130a,119,0.6638655462184874,0.2605042016806723,0.2605042016806723,4.786944444444444,3.991596638655462
d60d6ea6-6daf-4b6d-8398-5af2dcd30d13,18,1.0,0.7777777777777778,0.3333333333333333,1.1408333333333334,13.277777777777779
d61e5eed-0c24-4ab1-8cd1-d0bb245f9ef3,14,0.6428571428571429,0.21428571428571427,0.07142857142857142,2.0480555555555555,4.0
d66a82e0-bb89-4008-998a-9540fa499561,15,1.0,1.0,0.5333333333333333,0.11555555555555555,7.933333333333334
d67ce6bf-d38f-444c-80cb-6e8dd020097f,3,0.0,0.0,0.0,,2.3333333333333335
d6886558-9e6b-4674-9210-1ae9f96f093d,8,0.875,0.75,0.5,2.4588888888888887,9.625
d68aa83e-d943-4b92-88ab-61d7de6bef40,7,1.0,1.0,0.8571428571428571,1.6630555555555555,10.714285714285714
d6a6eecb-bdeb-44c9-8f11-66d5f7474cf5,4,1.0,1.0,1.0,0.2461111111111111,14.5
d6b63259-fbb5-4141-b4df-d48665c7384f,19,0.8947368421052632,0.3157894736842105,0.10526315789473684,13.414444444444445,6.421052631578948
d73772a8-efa3-445c-b9c2-0498fea9815f,3,1.0,1.0,0.3333333333333333,9.528888888888888,8.0
d73a1291-c2d4-477c-8e2e-aec8ac439c12,19,0.5263157894736842,0.0,0.0,2.1444444444444444,2.473684210526316
d7789520-e8d7-498b-88c4-e997da9b208c,14,1.0,0.07142857142857142,0.07142857142857142,5.91625,4.642857142857143
d7bb58ec-2c92-4bbc-93aa-0bd7f2dac559,19,0.7368421052631579,0.2631578947368421,0.21052631578947367,9.374027777777778,4.947368421052632
d7cbcf95-8346-428c-a7be-fb201678ef50,8,0.5,0.0,0.0,4.19125,2.0
d83c798e-007f-4d1a-a82e-4a04946810a2,11,1.0,0.9090909090909091,0.36363636363636365,0.25472222222222224,8.0
d845bc06-6e24-4e15-a65b-82c3c4a5510e,13,0.6153846153846154,0.15384615384615385,0.07692307692307693,30.689722222222223,4.230769230769231
d8580c12-5b6a-46ca-a6be-4d3e52cbab42,6,1.0,0.16666666666666666,0.16666666666666666,2.8173611111111114,5.666666666666667
d86c57e7-bd3d-42e0-bc23-fa21882b0f3d,5,1.0,1.0,0.6,2.815,13.2
d8c484eb-6655-42ea-a21f-ded952d32888,3,1.0,0.3333333333333333,0.3333333333333333,0.2808333333333333,12.333333333333334
d922e8f4-4894-482a-bb39-e232c5c8a82c,5,0.0,0.0,0.0,,1.8
d9379538-9103-49be-af5e-3ade5727a10f,4,1.0,0.0,0.0,0.23805555555555555,3.25
d9c4df95-35ef-47a5-a457-6290636439e3,9,1.0,0.2222222222222222,0.1111111111111111,0.45805555555555555,5.111111111111111
da83b3d1-5fce-47a8-bf3c-acfd1e64a673,16,1.0,0.625,0.5,2.0230555555555556,7.375
da8d3c95-5c30-4164-bfa7-341f61419600,5,1.0,0.6,0.2,6.094722222222222,7.0
db1e7378-3faf-4cf5-808b-d5801cef6b58,7,1.0,0.7142857142857143,0.2857142857142857,0.9725,5.857142857142857
dbb67120-1374-416e-badd-e7b42374b872,5,1.0,0.0,0.0,4.846111111111111,3.0
dcc26e31-cf38-4ce8-9e2b-b94f17094246,9,1.0,0.6666666666666666,0.3333333333333333,0.2733333333333333,6.666666666666667
dd5d5be8-94e0-4734-98d8-d625d09657c7,14,1.0,0.9285714285714286,0.5714285714285714,0.4379166666666667,8.142857142857142
de49ec95-65d8-493c-8c15-6c18c7ea4bf5,8,1.0,0.375,0.125,11.412916666666668,4.625
df3b7afd-e03c-467c-b45a-ad913d95e6b5,17,1.0,0.47058823529411764,0.29411764705882354,0.5591666666666667,6.176470588235294
df57c889-4e61-4aa5-91ea-95722b78b51c,3,1.0,0.3333333333333333,0.3333333333333333,1.0227777777777778,11.0
dfc3d384-6d3f-4106-9e7b-fb9df6f76ecc,10,1.0,0.6,0.4,0.25916666666666666,7.6
e00fd15f-0eb6-48fb-8b4a-46493802c89c,12,1.0,0.6666666666666666,0.25,0.36263888888888884,8.916666666666666
e184d01d-a028-4e44-9187-150c40c0bb7b,15,0.9333333333333333,0.8666666666666667,0.4666666666666667,4.070416666666667,6.333333333333333
e1ae4925-e1e3-445c-9eda-11e91aee800a,4,1.0,0.25,0.25,2.153611111111111,4.75
e202bc80-f92f-4086-b577-3c11c6b2727b,7,1.0,0.7142857142857143,0.42857142857142855,10.261388888888888,7.142857142857143
e2412cd1-a40f-4168-bb34-91a0fe2332f2,8,0.875,0.875,0.375,12.626666666666667,5.0
e2cb79d1-91d9-420b-b8f6-7cbc25a0e3e4,3,1.0,0.6666666666666666,0.3333333333333333,4.559722222222222,3.6666666666666665
e2ec794d-3a98-4248-ac10-931e1cb47161,3,1.0,0.0,0.0,0.28305555555555556,5.0
e32166c6-f701-4304-a324-d288994286ef,7,1.0,0.8571428571428571,0.7142857142857143,0.3288888888888889,7.0
e33528e0-f851-4eb1-b15b-2f2e1f67b971,6,1.0,0.3333333333333333,0.3333333333333333,0.3623611111111111,7.833333333333333
e34dc5f2-db74-4c30-95a6-7729f96756df,4,1.0,0.5,0.0,2.444861111111111,3.5
e40d84ae-1e44-47b0-82bd-a81a6041e41e,6,0.8333333333333334,0.5,0.3333333333333333,5.4816666666666665,4.333333333333333
e452f43f-0636-41ee-9a86-3474d3258789,3,1.0,0.6666666666666666,0.3333333333333333,0.12083333333333333,5.666666666666667
e4dd0248-6906-4a75-a777-973aee9f441f,5,1.0,0.6,0.2,7.001666666666667,7.2
e4e28bb2-8f66-4be4-b8bb-7bb11ab7f705,7,1.0,0.5714285714285714,0.42857142857142855,12.241111111111111,7.285714285714286
e522e167-9146-41ed-b484-ba6d7786cee1,13,1.0,0.9230769230769231,0.6153846153846154,0.24944444444444444,11.923076923076923
e54f0f86-daa2-4750-a0df-5e90e3a65f1a,24,1.0,0.9166666666666666,0.5833333333333334,0.26458333333333334,12.666666666666666
e5721b74-80cc-4d93-8a54-c44625c19210,23,1.0,0.9565217391304348,0.391304347826087,0.1225,8.695652173913043
e5f46864-b6a2-4ade-a7ed-6e1adbac4cb2,5,1.0,1.0,0.6,0.18416666666666667,8.4
e6ab862f-7378-4aed-9967-b6663b6d47f2,6,1.0,0.8333333333333334,0.5,0.3351388888888889,10.333333333333334
e6ca69be-123d-4cff-9b3f-0f8cf320630c,3,1.0,0.6666666666666666,0.3333333333333333,0.92,5.333333333333333
e6fda787-6752-488e-8859-e9758c5b2d80,11,0.9090909090909091,0.18181818181818182,0.09090909090909091,0.40444444444444444,3.5454545454545454
e721c8c2-2d18-4f39-a6fd-7e0ed229ebb7,3,1.0,0.0,0.0,24.15,3.0
e72c3203-534f-497a-a4e6-94f2c4f3bdd3,6,1.0,0.8333333333333334,0.16666666666666666,0.33152777777777775,6.166666666666667
e7b83e0c-961d-4630-ab8f-dc2fcacfef85,5,1.0,0.2,0.0,17.7325,3.0
e8f05eeb-cdbd-4ab9-b189-74cfe3f85a74,9,0.8888888888888888,0.7777777777777778,0.2222222222222222,1.6818055555555556,8.0
e91c5e0f-585b-4bf8-b036-ead91537151d,5,1.0,0.6,0.4,15.17388888888889,4.8
eb8956e9-4381-4178-8cd4-89867428846a,8,1.0,0.75,0.5,12.500555555555556,21.25
ebaf14db-7a4b-447b-ad8b-0d4526c7a3f3,20,0.65,0.25,0.1,14.078888888888889,3.9
ebc21288-b222-465e-bd9b-3927b068a16f,8,1.0,0.25,0.125,0.5393055555555556,3.25
ebc50904-5c80-47f4-8f82-3496859ba031,13,0.9230769230769231,0.7692307692307693,0.3076923076923077,0.23708333333333334,9.307692307692308
ebcb6d92-cbee-43f9-b5a5-a1c2d8b59479,5,1.0,0.8,0.4,0.16777777777777778,6.0
ebd770fd-5db4-4f60-915a-8262e0542c29,9,0.8888888888888888,0.7777777777777778,0.3333333333333333,9.240833333333333,6.0
ebf5c82f-8734-427b-8c5c-99a1e8f203e6,4,1.0,1.0,0.5,0.39013888888888887,9.0
ec9415c5-5076-4f9d-a795-d3a0dada54ad,5,1.0,0.8,0.6,0.5002777777777778,8.0
ecd5eda9-751e-4a6f-99c2-48967f5d4292,13,0.9230769230769231,0.23076923076923078,0.15384615384615385,5.694166666666667,4.769230769230769
ed5835ea-ba03-40e3-bbc7-46eba05073f0,5,1.0,0.4,0.2,6.109166666666667,5.2
ee0fb96a-5b8f-4f12-a888-204dc191e583,9,1.0,0.8888888888888888,0.6666666666666666,0.10194444444444445,10.666666666666666
ee1ff253-5305-4619-a2af-51e17c678c3e,7,1.0,1.0,0.5714285714285714,0.05611111111111111,6.142857142857143
ee5186d9-1426-49eb-ac44-7ae48446d131,13,0.9230769230769231,0.0,0.0,2.435277777777778,2.769230769230769
ee55912a-88a0-414d-aed7-7f15ce527232,20,1.0,0.15,0.15,0.9422222222222223,3.7
ee6a5661-9009-49f1-8bfc-e4e44e4498fa,23,1.0,0.0,0.0,0.23305555555555554,4.086956521739131
eeaa1426-9aa2-4aac-850a-5fff4c677003,6,1.0,1.0,0.16666666666666666,0.51,6.833333333333333
ef8fe2a3-7878-4c21-ad4d-b3fd75fd19a1,3,1.0,0.6666666666666666,0.3333333333333333,1.7877777777777777,10.333333333333334
f02fa83e-22e8-4133-bee2-7fa20567db23,4,1.0,0.75,0.25,1.5779166666666666,7.25
f0308f7c-7d2f-45a0-8f7c-a497c73ae065,49,0.9387755102040817,0.04081632653061224,0.02040816326530612,6.790277777777778,2.693877551020408
f091a2a0-844e-428c-92d3-cd6db68657a6,10,1.0,0.8,0.3,1.8644444444444446,6.5
f0bd6431-2c1f-4d26-9866-1235a0bfbcb8,10,1.0,0.9,0.4,0.22638888888888892,11.2
f178d20f-25ff-4b4d-9cb2-c05b313be365,4,1.0,1.0,0.75,1.8366666666666667,4.75
f17ab24c-54cf-4370-bc2d-7d3cb6d42e41,16,0.9375,0.25,0.1875,5.6722222222222225,8.0
f1b7cfd1-40b9-4a16-acd6-2b5f53e9836a,4,1.0,0.25,0.25,117.1423611111111,4.25
f1c108a5-7cb2-4622-9267-a772ee179505,22,1.0,0.45454545454545453,0.045454545454545456,19.22222222222222,4.181818181818182
f1d618e0-3b85-4c19-9ac8-8e470df6f102,9,1.0,0.3333333333333333,0.3333333333333333,11.2575,7.222222222222222
f27f5b6a-a411-4533-bd4c-8875760a237b,3,1.0,0.6666666666666666,0.3333333333333333,0.06777777777777778,3.6666666666666665
f28afeb6-eb5b-445a-b8bf-d3405aabb016,3,0.3333333333333333,0.0,0.0,54.117777777777775,2.3333333333333335
f301d156-5c6a-4e12-9533-ac707a546987,4,1.0,1.0,0.5,1.508888888888889,9.25
f3339961-9553-43a3-b6cf-c994ad5e6171,4,1.0,0.75,0.25,0.6758333333333333,5.0
f3e89189-0302-4f12-9d4e-8c3a905b0bc7,8,1.0,0.5,0.25,0.48194444444444445,5.875
f3fcfb47-1195-471c-88c9-8710a287276d,24,0.9583333333333334,0.0,0.0,2.1825,4.625
f443d418-3da6-45bd-988d-50cbb6c330eb,5,1.0,0.4,0.4,13.340555555555556,5.0
f4991198-836b-4ded-9596-7623bdb545a0,17,0.9411764705882353,0.058823529411764705,0.0,20.591944444444444,3.5294117647058822
f49c3095-58de-4b8d-9d5b-3bfceceb47d8,7,1.0,0.42857142857142855,0.2857142857142857,7.666388888888889,5.857142857142857
f49fad10-d7a8-4d3e-ae09-eacca52dc274,4,1.0,1.0,0.5,6.016527777777778,11.0
f500a037-a717-4c3e-9f40-f24754d6e59f,7,1.0,0.8571428571428571,0.2857142857142857,0.41305555555555556,8.428571428571429
f537b1d2-631d-4f4e-9ee7-3cfb258a74df,19,1.0,0.7368421052631579,0.42105263157894735,0.14472222222222222,6.894736842105263
f55792da-9cdc-48fc-a088-f1f15c0c909b,21,0.9047619047619048,0.047619047619047616,0.047619047619047616,1.6841666666666666,4.095238095238095
f5a21154-9ab8-41fe-bf5c-e93a9259df4b,3,1.0,0.6666666666666666,0.0,22.399444444444445,3.0
f60dc357-73da-467e-9da2-f256f162c1b4,4,1.0,0.75,0.75,0.05652777777777778,5.75
f6337938-89e3-4d28-a9c8-aca889b35a5b,4,1.0,0.25,0.25,0.27569444444444446,7.5
f66fda5d-9227-4440-88c3-becb23bfc29d,7,1.0,0.42857142857142855,0.2857142857142857,5.156944444444444,6.142857142857143
f6947360-544e-4c7c-924f-b49acbc6a522,4,1.0,0.5,0.0,2.9790277777777776,4.5
f74558ff-24cb-4436-93bf-64fc6f1593b1,7,1.0,0.42857142857142855,0.2857142857142857,1.5508333333333333,7.0
f81db149-4597-437c-a34f-6d8d14269622,7,1.0,0.14285714285714285,0.14285714285714285,0.7933333333333333,4.142857142857143
f821f4c7-c83a-4440-9450-3147e8782f2f,3,1.0,0.0,0.0,19.49388888888889,6.666666666666667
f861d887-99e8-4024-a14d-b60ad08be104,7,1.0,0.7142857142857143,0.42857142857142855,4.323888888888889,9.571428571428571
f86bc9ab-e199-4254-8609-fd67d6aaed42,34,0.9411764705882353,0.14705882352941177,0.08823529411764706,5.954583333333334,3.8529411764705883
f8ea93bd-f4f0-4f95-8102-09f9aeae3002,16,0.875,0.1875,0.1875,5.359999999999999,6.8125
f959b77e-9221-4a71-88df-795fcbe0c804,21,0.6666666666666666,0.0,0.0,14.173333333333334,2.2857142857142856
f95b8b70-e266-4425-a107-47a32a5baefb,5,1.0,0.4,0.2,0.3616666666666667,5.0
f96c7157-b728-4786-95dc-0edcf9d0c635,11,0.9090909090909091,0.36363636363636365,0.2727272727272727,0.6466666666666667,5.909090909090909
f9925d2d-4c82-4a54-8a4a-c99afedf39d0,6,1.0,0.3333333333333333,0.0,4.349722222222223,3.3333333333333335
f9abedcf-1749-4719-9f7c-e38812d7716f,3,1.0,0.3333333333333333,0.3333333333333333,0.4222222222222222,10.0
f9ca0335-126b-406e-b3eb-ff909c1f40a7,21,0.7142857142857143,0.09523809523809523,0.047619047619047616,14.47,3.5714285714285716
fa9c9e00-58a0-4063-872e-67da9eb84d82,11,0.7272727272727273,0.09090909090909091,0.09090909090909091,1.1258333333333335,6.909090909090909
faf502f2-9147-4f3d-afed-2789933bdc8b,7,1.0,0.8571428571428571,0.5714285714285714,1.7825,7.428571428571429
fb4797b9-5d2d-43be-9659-baa095cf0400,4,1.0,0.75,0.75,0.8975,11.75
fbab6ead-973c-4d1a-937c-0413c7d24fe7,8,1.0,0.75,0.5,0.4654166666666667,6.625
fbd5356b-e9ce-4029-9ea1-3cca70c6aa7d,6,1.0,0.0,0.0,0.9177777777777778,2.6666666666666665
fd295959-d1b8-4b76-81b5-20a215ab0b54,10,1.0,1.0,0.6,0.04583333333333333,7.9
fd32860b-acff-4740-a0fe-115a8904fded,3,1.0,1.0,0.6666666666666666,3.4358333333333335,7.0
fd95daab-4789-45e8-a9cc-215533363447,7,1.0,0.8571428571428571,0.42857142857142855,0.9233333333333333,9.142857142857142
fe491aa3-8cb4-4bb6-ad91-4f8bfb89c009,6,1.0,0.6666666666666666,0.5,1.1316666666666666,10.833333333333334
fe6b72cb-5ff2-463e-8b4e-f243296dc7e2,3,1.0,0.6666666666666666,0.3333333333333333,0.9244444444444444,10.0
ff3fe9f4-ec5f-4ca3-8ec3-6147f9589d91,7,1.0,1.0,0.42857142857142855,2.1744444444444446,8.571428571428571
ff6047e7-7759-4632-937b-3da142261e4e,8,1.0,0.875,0.875,0.20416666666666666,10.0
ff710267-dff4-4347-8afb-959eec0b4b6c,6,1.0,0.6666666666666666,0.6666666666666666,0.6394444444444445,10.833333333333334
